,move_distances,yearly_moves,income_improvement,qol_improvement,cyclical_moves,time_to_next_move,attachment_level,mean_pInitiate,pConsumat,avg_satisfaction,num_uncertain,avg_move_distance,total_moves,satisfaction_levels,utility_changes,total_satisfaction,total_uncertainty,TimeStepsAwayFromHome,AvgDistanceAwayFromHome,FractionMovesHome,TotalDistanceTraveled,NumReturnsToHome,avg_utility_change,mean_attachment,sd_attachment,attachment_form_rate,attachment_decay_rate,initial_attachment,sd_pInitiate
0,[],53.52,3049.355617633203,7270.128016323963,0.0,0.0,0.0,0.1,0.2,7.778097763251459,0.0,17.646807003625433,267.6,[],[],0.0,0.0,357.71069800409634,0.0,0.8476000000000001,0.0,0.0,-4.257248209233717,0.0,0.1,0.01,0.01,0.2,0.05
1,[],139.92000000000002,1398.3013457983711,9299.100492527517,0.0,0.0,0.0,0.1,0.6,7.791231590314007,0.0,17.077245574738278,699.6,[],[],0.0,0.0,574.7995886763986,0.0,0.692,0.0,0.0,-3.141770667646429,0.0,0.1,0.01,0.01,0.2,0.05
2,[],106.35999999999999,-1060.43128273521,10274.965514752384,0.0,0.0,0.0,0.1,0.2,5.644813235262953,0.0,16.8415216131668,531.8,[],[],0.0,0.0,511.979855691132,0.0,0.6004,0.0,0.0,-4.347362113690422,0.0,0.1,0.01,0.01,0.2,0.2
3,[],159.24,-1020.8194114654085,7198.602213346325,0.0,0.0,0.0,0.1,0.6,7.210972535062256,0.0,17.94552585281136,796.2,[],[],0.0,0.0,588.7553603808954,0.0,0.6556,0.0,0.0,-5.0071785283346255,0.0,0.1,0.01,0.01,0.2,0.2
4,[],290.68,12970.923648744492,17609.42277275712,0.0,0.0,0.0,0.5,0.2,5.259934746912789,0.0,17.787826325516836,1453.4,[],[],0.0,0.0,709.9436006308408,0.0,0.44720000000000004,0.0,0.0,-4.246604823763573,0.0,0.1,0.01,0.01,0.2,0.05
5,[],194.28000000000003,-1439.616755392371,11057.493442053168,0.0,0.0,0.0,0.5,0.6,8.182152602137942,0.0,17.019151519571587,971.4,[],[],0.0,0.0,649.8912119794504,0.0,0.5107999999999999,0.0,0.0,-3.649007809144269,0.0,0.1,0.01,0.01,0.2,0.05
6,[],250.95999999999998,6541.129696632588,6259.282713907278,0.0,0.0,0.0,0.5,0.2,6.352443050914849,0.0,16.43921716333884,1254.8,[],[],0.0,0.0,637.9491557577297,0.0,0.5456000000000001,0.0,0.0,-3.96440352940956,0.0,0.1,0.01,0.01,0.2,0.2
7,[],359.24,-7983.606315343287,7762.387235633278,0.0,0.0,0.0,0.5,0.6,4.774994798687217,0.0,16.614070367051113,1796.2,[],[],0.0,0.0,732.5939223187523,0.0,0.3496,0.0,0.0,-4.280075549794254,0.0,0.1,0.01,0.01,0.2,0.2
8,[],179.28000000000003,-671.1206694578847,7601.121420074633,0.0,0.0,0.0,0.1,0.2,2.618173741535395,0.0,16.877343423279658,896.4,[],[],0.0,0.0,575.3197394949309,0.0,0.5372000000000001,0.0,0.0,-4.448089304589468,0.0,0.1,0.01,0.01,0.8,0.05
9,[],150.8,-348.58767948634403,7338.307786117717,0.0,0.0,0.0,0.1,0.6,3.4566807846198855,0.0,17.936963825396855,754.0,[],[],0.0,0.0,577.3004277393397,0.0,0.5980000000000001,0.0,0.0,-4.114697371533459,0.0,0.1,0.01,0.01,0.8,0.05
10,[],91.28,1565.5681946480831,5045.600597694205,0.0,0.0,0.0,0.1,0.2,7.1228555550772965,0.0,17.553956750935743,456.4,[],[],0.0,0.0,403.95337910015877,0.0,0.766,0.0,0.0,-3.1082316432337556,0.0,0.1,0.01,0.01,0.8,0.2
11,[],121.0,-11969.314377066426,35774.4633439872,0.0,0.0,0.0,0.1,0.6,4.45866269430695,0.0,17.35716280461739,605.0,[],[],0.0,0.0,530.546167815136,0.0,0.6272,0.0,0.0,-5.493156913532306,0.0,0.1,0.01,0.01,0.8,0.2
12,[],266.36,-4396.3700833343955,9303.17808007591,0.0,0.0,0.0,0.5,0.2,6.856324572514962,0.0,17.469528383041062,1331.8,[],[],0.0,0.0,630.7043352075382,0.0,0.5636,0.0,0.0,-4.8248441316261665,0.0,0.1,0.01,0.01,0.8,0.05
13,[],305.4,635.3434764809929,5562.508699064532,0.0,0.0,0.0,0.5,0.6,4.9723148426602055,0.0,18.609477892136056,1527.0,[],[],0.0,0.0,799.6225772212662,0.0,0.49239999999999995,0.0,0.0,-5.500259819422526,0.0,0.1,0.01,0.01,0.8,0.05
14,[],310.91999999999996,287.2714893724835,989.5259108916009,0.0,0.0,0.0,0.5,0.2,4.928879045857229,0.0,16.561395480090834,1554.6,[],[],0.0,0.0,641.6031723067011,0.0,0.3916,0.0,0.0,-4.975722826368919,0.0,0.1,0.01,0.01,0.8,0.2
15,[],198.44,5565.792567514921,16235.634599139923,0.0,0.0,0.0,0.5,0.6,6.613758567807622,0.0,18.324190696029014,992.2,[],[],0.0,0.0,631.0932257395262,0.0,0.5612,0.0,0.0,-3.239575645681503,0.0,0.1,0.01,0.01,0.8,0.2
16,[],66.6,348.71264407199317,6470.268766193289,0.0,0.0,0.0,0.1,0.2,8.657993796022733,0.0,16.76697800401017,333.0,[],[],0.0,0.0,403.873394913755,0.0,0.8096,0.0,0.0,-5.504306885753648,0.0,0.1,0.01,0.05,0.2,0.05
17,[],141.04000000000002,-2867.1740857081318,6327.999370423471,0.0,0.0,0.0,0.1,0.6,2.670424101535056,0.0,16.29842481835764,705.2,[],[],0.0,0.0,527.7242289714015,0.0,0.5676,0.0,0.0,-4.281757743355452,0.0,0.1,0.01,0.05,0.2,0.05
18,[],143.04,-6996.452238640297,32105.256734721195,0.0,0.0,0.0,0.1,0.2,4.595039355695583,0.0,17.391675677904775,715.2,[],[],0.0,0.0,634.3279941327366,0.0,0.5288,0.0,0.0,-5.225670554583052,0.0,0.1,0.01,0.05,0.2,0.2
19,[],214.07999999999998,-58691.15677753097,79455.90680634129,0.0,0.0,0.0,0.1,0.6,3.010837441449188,0.0,18.425234256703995,1070.4,[],[],0.0,0.0,931.5183334431204,0.0,0.26880000000000004,0.0,0.0,-6.113034462177237,0.0,0.1,0.01,0.05,0.2,0.2
20,[],192.07999999999998,-1176.8829081394742,8417.386108368335,0.0,0.0,0.0,0.5,0.2,9.117392101569278,0.0,16.54295945748155,960.4,[],[],0.0,0.0,510.68458574463176,0.0,0.5471999999999999,0.0,0.0,-4.5819987364280435,0.0,0.1,0.01,0.05,0.2,0.05
21,[],191.68,-194.09467728704422,15859.993302645347,0.0,0.0,0.0,0.5,0.6,8.414805958854057,0.0,16.63810788952444,958.4,[],[],0.0,0.0,593.774239756244,0.0,0.43920000000000003,0.0,0.0,-4.846554033966367,0.0,0.1,0.01,0.05,0.2,0.05
22,[],236.0,2584.6734521583594,6218.043926828272,0.0,0.0,0.0,0.5,0.2,9.208911403598217,0.0,16.842710310427467,1180.0,[],[],0.0,0.0,591.994962523218,0.0,0.526,0.0,0.0,-3.8373272860443395,0.0,0.1,0.01,0.05,0.2,0.2
23,[],389.04,5992.404732161363,7566.363849637953,0.0,0.0,0.0,0.5,0.6,6.359899661376946,0.0,17.108192048248366,1945.2,[],[],0.0,0.0,793.9995574584711,0.0,0.3228,0.0,0.0,-6.113829883281648,0.0,0.1,0.01,0.05,0.2,0.2
24,[],118.52000000000001,-40449.72601159777,73679.69900768853,0.0,0.0,0.0,0.1,0.2,2.511566619111222,0.0,17.22006729236373,592.6,[],[],0.0,0.0,642.7903819436298,0.0,0.4976000000000001,0.0,0.0,-6.113122436135879,0.0,0.1,0.01,0.05,0.8,0.05
25,[],106.28,-8860.75073761785,46124.29341740072,0.0,0.0,0.0,0.1,0.6,3.261638024502845,0.0,18.23158817311471,531.4,[],[],0.0,0.0,626.3255490305357,0.0,0.6032000000000001,0.0,0.0,-5.166981645136319,0.0,0.1,0.01,0.05,0.8,0.05
26,[],51.720000000000006,13555.394699493248,30260.75350461029,0.0,0.0,0.0,0.1,0.2,6.825977668731348,0.0,17.76499512078031,258.6,[],[],0.0,0.0,446.9191522880277,0.0,0.7588,0.0,0.0,-5.154811476339184,0.0,0.1,0.01,0.05,0.8,0.2
27,[],130.2,-936.658530566407,6850.946542459598,0.0,0.0,0.0,0.1,0.6,4.116262240319924,0.0,17.08864188997034,651.0,[],[],0.0,0.0,512.4622245884233,0.0,0.6127999999999999,0.0,0.0,-3.9049025293107973,0.0,0.1,0.01,0.05,0.8,0.2
28,[],282.36,1349.063728791194,4750.63772266617,0.0,0.0,0.0,0.5,0.2,7.231948035458581,0.0,17.592984950403086,1411.8,[],[],0.0,0.0,661.5211135921411,0.0,0.4356,0.0,0.0,-5.14665692656249,0.0,0.1,0.01,0.05,0.8,0.05
29,[],334.44000000000005,-1808.3538078574863,23544.862690414644,0.0,0.0,0.0,0.5,0.6,5.174286468581164,0.0,16.88968627219786,1672.2,[],[],0.0,0.0,754.2350722172583,0.0,0.2504,0.0,0.0,-4.1927554029177125,0.0,0.1,0.01,0.05,0.8,0.05
30,[],240.95999999999998,-51720.51843261376,44487.431269503824,0.0,0.0,0.0,0.5,0.2,5.622067653844388,0.0,18.042324233628037,1204.8,[],[],0.0,0.0,738.5746890821467,0.0,0.37120000000000003,0.0,0.0,-4.503821556519897,0.0,0.1,0.01,0.05,0.8,0.2
31,[],206.64000000000001,-700.3116722230291,6442.342502693764,0.0,0.0,0.0,0.5,0.6,8.241451353121992,0.0,16.945888669690355,1033.2,[],[],0.0,0.0,594.1516866206141,0.0,0.5711999999999999,0.0,0.0,-4.311420288070523,0.0,0.1,0.01,0.05,0.8,0.2
32,[],63.19999999999999,-803.374197432043,1671.745284924385,0.0,0.0,0.0,0.1,0.2,8.586532322020183,0.0,17.766127894645344,316.0,[],[],0.0,0.0,438.0983454076995,0.0,0.8412000000000001,0.0,0.0,-4.859634241787748,0.0,0.1,0.05,0.01,0.2,0.05
33,[],262.64,-4511.311871178741,5245.499161170753,0.0,0.0,0.0,0.1,0.6,2.7469724741803914,0.0,18.205669652490577,1313.2,[],[],0.0,0.0,665.5799415462205,0.0,0.4636,0.0,0.0,-3.336733397548426,0.0,0.1,0.05,0.01,0.2,0.05
34,[],175.6,6048.660178196032,15787.085825738362,0.0,0.0,0.0,0.1,0.2,3.2773159203781708,0.0,16.460689056491667,878.0,[],[],0.0,0.0,617.8394038511985,0.0,0.4800000000000001,0.0,0.0,-5.1163380490271715,0.0,0.1,0.05,0.01,0.2,0.2
35,[],121.55999999999999,-5637.827772190476,11196.284330636678,0.0,0.0,0.0,0.1,0.6,5.033568868443623,0.0,16.373667898918804,607.8,[],[],0.0,0.0,469.24950100568714,0.0,0.7044,0.0,0.0,-2.918142024254136,0.0,0.1,0.05,0.01,0.2,0.2
36,[],240.72000000000003,6904.129144115755,13830.89805559552,0.0,0.0,0.0,0.5,0.2,5.694628205338263,0.0,16.215433374160327,1203.6,[],[],0.0,0.0,628.7375501164639,0.0,0.42399999999999993,0.0,0.0,-5.823305033929428,0.0,0.1,0.05,0.01,0.2,0.05
37,[],176.92,8715.806698718621,26122.93100033614,0.0,0.0,0.0,0.5,0.6,5.437002369346928,0.0,17.25049867470429,884.6,[],[],0.0,0.0,600.3449832869142,0.0,0.46240000000000003,0.0,0.0,-5.610982860037318,0.0,0.1,0.05,0.01,0.2,0.05
38,[],271.92,340.4478297698329,14745.063104311714,0.0,0.0,0.0,0.5,0.2,6.990848428141881,0.0,16.743836703718063,1359.6,[],[],0.0,0.0,659.0917885190165,0.0,0.4624,0.0,0.0,-5.835041988064469,0.0,0.1,0.05,0.01,0.2,0.2
39,[],185.76000000000002,-3164.2545627027494,9955.212655474214,0.0,0.0,0.0,0.5,0.6,7.302930282350589,0.0,16.354817701849488,928.8,[],[],0.0,0.0,526.8819725021785,0.0,0.628,0.0,0.0,-2.9029075708403598,0.0,0.1,0.05,0.01,0.2,0.2
40,[],91.96,-1402.0543913654606,3376.1112898191204,0.0,0.0,0.0,0.1,0.2,3.8160595563342232,0.0,17.32817591321885,459.8,[],[],0.0,0.0,467.1634723764214,0.0,0.738,0.0,0.0,-5.107361138195673,0.0,0.1,0.05,0.01,0.8,0.05
41,[],130.96,21048.86642560338,48215.92566442816,0.0,0.0,0.0,0.1,0.6,1.8570275631529682,0.0,17.919422464112028,654.8,[],[],0.0,0.0,688.074195024387,0.0,0.4516,0.0,0.0,-4.459963477451474,0.0,0.1,0.05,0.01,0.8,0.05
42,[],147.56,11677.178902266518,40157.69513921049,0.0,0.0,0.0,0.1,0.2,2.1408261940237865,0.0,17.291540358642383,737.8,[],[],0.0,0.0,735.2721199469827,0.0,0.3756,0.0,0.0,-5.0113802400566305,0.0,0.1,0.05,0.01,0.8,0.2
43,[],251.52000000000004,1495.0873987819816,1881.5484543602774,0.0,0.0,0.0,0.1,0.6,5.87380548129615,0.0,17.496620205075377,1257.6,[],[],0.0,0.0,527.8781230585056,0.0,0.6896000000000001,0.0,0.0,-2.865291117171055,0.0,0.1,0.05,0.01,0.8,0.2
44,[],256.47999999999996,6049.318282699363,9144.012503066213,0.0,0.0,0.0,0.5,0.2,5.2962427240588585,0.0,17.328217361372335,1282.4,[],[],0.0,0.0,667.22449489598,0.0,0.4391999999999999,0.0,0.0,-4.1924085084863725,0.0,0.1,0.05,0.01,0.8,0.05
45,[],309.32,10709.029731158624,9099.942398684678,0.0,0.0,0.0,0.5,0.6,4.1606009772376815,0.0,17.110508361435617,1546.6,[],[],0.0,0.0,707.2182458762961,0.0,0.41159999999999997,0.0,0.0,-4.469495260377207,0.0,0.1,0.05,0.01,0.8,0.05
46,[],218.32000000000002,-4015.2471494228785,4724.048254917945,0.0,0.0,0.0,0.5,0.2,7.675038478689558,0.0,16.83229461079474,1091.6,[],[],0.0,0.0,497.47940035051414,0.0,0.6584000000000001,0.0,0.0,-3.9512212309701154,0.0,0.1,0.05,0.01,0.8,0.2
47,[],161.4,-416.111070694684,9706.232927335155,0.0,0.0,0.0,0.5,0.6,7.330870518941774,0.0,17.00965248892309,807.0,[],[],0.0,0.0,478.88922472281627,0.0,0.634,0.0,0.0,-4.030408514963307,0.0,0.1,0.05,0.01,0.8,0.2
48,[],105.28,-3723.6866288377814,9049.066847777658,0.0,0.0,0.0,0.1,0.2,4.018016820578401,0.0,17.032522544418317,526.4,[],[],0.0,0.0,527.2395543514501,0.0,0.6092,0.0,0.0,-3.5326747227625646,0.0,0.1,0.05,0.05,0.2,0.05
49,[],87.47999999999999,-22593.865381171338,33717.97828266223,0.0,0.0,0.0,0.1,0.6,3.7864332120080553,0.0,18.773769261641124,437.4,[],[],0.0,0.0,504.9140095494645,0.0,0.71,0.0,0.0,-7.4253133689570365,0.0,0.1,0.05,0.05,0.2,0.05
50,[],114.24000000000001,6530.858360521924,8550.413998135753,0.0,0.0,0.0,0.1,0.2,4.791803864107316,0.0,18.38436520257826,571.2,[],[],0.0,0.0,472.69697639609456,0.0,0.7392,0.0,0.0,-4.225920518552439,0.0,0.1,0.05,0.05,0.2,0.2
51,[],117.68000000000002,26321.09076883322,22629.13308351999,0.0,0.0,0.0,0.1,0.6,3.6895514028188594,0.0,18.0757804815984,588.4,[],[],0.0,0.0,673.7371677818228,0.0,0.5252,0.0,0.0,-5.924317955770519,0.0,0.1,0.05,0.05,0.2,0.2
52,[],241.6,2530.777633530858,9818.369660454468,0.0,0.0,0.0,0.5,0.2,6.688003702657715,0.0,16.75835299562343,1208.0,[],[],0.0,0.0,569.9174401596766,0.0,0.5288,0.0,0.0,-4.977260639105364,0.0,0.1,0.05,0.05,0.2,0.05
53,[],252.76,5216.872128121496,6829.134440321846,0.0,0.0,0.0,0.5,0.6,5.438727877021697,0.0,17.346524991462527,1263.8,[],[],0.0,0.0,640.1206774704624,0.0,0.5156000000000001,0.0,0.0,-3.1544434158093284,0.0,0.1,0.05,0.05,0.2,0.05
54,[],218.0,3371.0756567870535,8649.387740813723,0.0,0.0,0.0,0.5,0.2,7.6292353476288834,0.0,16.726406610952104,1090.0,[],[],0.0,0.0,603.8424980035331,0.0,0.5556,0.0,0.0,-4.8371861121541375,0.0,0.1,0.05,0.05,0.2,0.2
55,[],202.44,10330.610487946218,21081.930028442162,0.0,0.0,0.0,0.5,0.6,5.618302196352458,0.0,17.67938465432949,1012.2,[],[],0.0,0.0,637.8505072235506,0.0,0.4548,0.0,0.0,-5.565190832007803,0.0,0.1,0.05,0.05,0.2,0.2
56,[],230.35999999999999,-14219.43947241744,5840.584060180886,0.0,0.0,0.0,0.1,0.2,2.560213810270107,0.0,17.62878596442402,1151.8,[],[],0.0,0.0,624.7344063190321,0.0,0.4908,0.0,0.0,-4.225645811657849,0.0,0.1,0.05,0.05,0.8,0.05
57,[],138.51999999999998,1526.738260460807,17667.129602203302,0.0,0.0,0.0,0.1,0.6,5.653166011097207,0.0,17.016677459016027,692.6,[],[],0.0,0.0,508.5217486540074,0.0,0.6491999999999999,0.0,0.0,-4.720866064537856,0.0,0.1,0.05,0.05,0.8,0.05
58,[],135.28000000000003,2097.790892438669,8533.991686178375,0.0,0.0,0.0,0.1,0.2,5.898526192056786,0.0,18.51987067882535,676.4,[],[],0.0,0.0,518.7219803867121,0.0,0.6548,0.0,0.0,-4.999758163443574,0.0,0.1,0.05,0.05,0.8,0.2
59,[],56.56,-1603.561846044995,17245.309111781222,0.0,0.0,0.0,0.1,0.6,6.874825939072568,0.0,18.876486754940384,282.8,[],[],0.0,0.0,464.86081648947885,0.0,0.7872,0.0,0.0,-4.127841877395734,0.0,0.1,0.05,0.05,0.8,0.2
60,[],277.67999999999995,-7440.692453832776,15196.5108780307,0.0,0.0,0.0,0.5,0.2,4.34935408702976,0.0,17.173655752820125,1388.4,[],[],0.0,0.0,783.9445579833616,0.0,0.2692,0.0,0.0,-5.058519884496846,0.0,0.1,0.05,0.05,0.8,0.05
61,[],270.64,-4829.3749461157495,5224.610928985581,0.0,0.0,0.0,0.5,0.6,6.217785249472202,0.0,17.438570812851538,1353.2,[],[],0.0,0.0,671.2595223146267,0.0,0.45519999999999994,0.0,0.0,-3.7026514077769312,0.0,0.1,0.05,0.05,0.8,0.05
62,[],280.03999999999996,-3401.928070192081,8456.493992319849,0.0,0.0,0.0,0.5,0.2,5.949696367584855,0.0,17.046407935658014,1400.2,[],[],0.0,0.0,597.0871252151101,0.0,0.524,0.0,0.0,-4.791420180570912,0.0,0.1,0.05,0.05,0.8,0.2
63,[],286.32000000000005,-3447.2274426809117,21797.91915670212,0.0,0.0,0.0,0.5,0.6,4.49393700763082,0.0,15.984740383784294,1431.6,[],[],0.0,0.0,671.2782784277231,0.0,0.41479999999999995,0.0,0.0,-6.484737701715176,0.0,0.1,0.05,0.05,0.8,0.2
64,[],152.11999999999998,-1212.1429470332619,6796.769668770898,0.0,0.0,0.0,0.1,0.2,3.486709429111498,0.0,16.069399313093914,760.6,[],[],0.0,0.0,610.4557013064281,0.0,0.5828,0.0,0.0,-4.747086777629839,0.0,0.5,0.01,0.01,0.2,0.05
65,[],165.0,-2335.50248364958,-400.104657248934,0.0,0.0,0.0,0.1,0.6,5.672901631440127,0.0,17.779264918126636,825.0,[],[],0.0,0.0,562.2257381461245,0.0,0.6096,0.0,0.0,-5.861064684428341,0.0,0.5,0.01,0.01,0.2,0.05
66,[],232.4,-7047.275536071323,22593.435383883887,0.0,0.0,0.0,0.1,0.2,3.606939186870085,0.0,19.085476547420427,1162.0,[],[],0.0,0.0,819.3247573506563,0.0,0.3524,0.0,0.0,-3.905244957112317,0.0,0.5,0.01,0.01,0.2,0.2
67,[],138.68,13071.904012908572,26087.552171998588,0.0,0.0,0.0,0.1,0.6,3.947131410024741,0.0,17.622383449377786,693.4,[],[],0.0,0.0,660.5470850190575,0.0,0.6332000000000001,0.0,0.0,-5.725934604406535,0.0,0.5,0.01,0.01,0.2,0.2
68,[],270.68,1683.2833335688397,3599.1022965570664,0.0,0.0,0.0,0.5,0.2,8.7386998769152,0.0,17.2801433836975,1353.4,[],[],0.0,0.0,584.0570778273054,0.0,0.5444000000000001,0.0,0.0,-4.253955419443296,0.0,0.5,0.01,0.01,0.2,0.05
69,[],309.84000000000003,-8518.955126881327,8474.91512502071,0.0,0.0,0.0,0.5,0.6,6.337477082949138,0.0,17.847390238733613,1549.2,[],[],0.0,0.0,794.2078528143222,0.0,0.36319999999999997,0.0,0.0,-6.017591337748648,0.0,0.5,0.01,0.01,0.2,0.05
70,[],278.84000000000003,2943.7099691484304,5318.175057721304,0.0,0.0,0.0,0.5,0.2,8.163190329465555,0.0,16.23100910896288,1394.2,[],[],0.0,0.0,596.379378773999,0.0,0.49000000000000005,0.0,0.0,-4.34324448286447,0.0,0.5,0.01,0.01,0.2,0.2
71,[],293.32000000000005,-3103.0765643660934,20499.76928043819,0.0,0.0,0.0,0.5,0.6,6.308157694694107,0.0,17.1713337163846,1466.6,[],[],0.0,0.0,637.4291125306127,0.0,0.438,0.0,0.0,-5.108631515921468,0.0,0.5,0.01,0.01,0.2,0.2
72,[],162.24,-20620.65549958774,15093.228795282854,0.0,0.0,0.0,0.1,0.2,3.2229887942924136,0.0,16.496128179701042,811.2,[],[],0.0,0.0,618.5766121700772,0.0,0.5692,0.0,0.0,-4.308648611509258,0.0,0.5,0.01,0.01,0.8,0.05
73,[],202.44,-3113.243554083544,34412.55785062562,0.0,0.0,0.0,0.1,0.6,2.1258134109966433,0.0,15.171962039853764,1012.2,[],[],0.0,0.0,548.0895654303637,0.0,0.49160000000000004,0.0,0.0,-7.206838492966159,0.0,0.5,0.01,0.01,0.8,0.05
74,[],200.32,3309.4060124286334,17010.022811720562,0.0,0.0,0.0,0.1,0.2,4.08302482567413,0.0,18.008524355370866,1001.6,[],[],0.0,0.0,643.9159109105565,0.0,0.4888,0.0,0.0,-6.03283507331978,0.0,0.5,0.01,0.01,0.8,0.2
75,[],270.47999999999996,689.667806174449,11644.211501106,0.0,0.0,0.0,0.1,0.6,2.884771104031446,0.0,17.815521427748717,1352.4,[],[],0.0,0.0,627.2422565311509,0.0,0.4588,0.0,0.0,-6.086607233070233,0.0,0.5,0.01,0.01,0.8,0.2
76,[],315.8,-3470.0137148006593,4387.293537351979,0.0,0.0,0.0,0.5,0.2,4.973741339418436,0.0,15.851064778491514,1579.0,[],[],0.0,0.0,658.3458142994347,0.0,0.4316,0.0,0.0,-4.569897614002487,0.0,0.5,0.01,0.01,0.8,0.05
77,[],284.16,5342.180554925586,1884.3783395903251,0.0,0.0,0.0,0.5,0.6,5.622053489954782,0.0,16.90101778990456,1420.8,[],[],0.0,0.0,605.6788719157383,0.0,0.476,0.0,0.0,-5.750143853356265,0.0,0.5,0.01,0.01,0.8,0.05
78,[],205.8,1241.5328255546215,7440.22424635562,0.0,0.0,0.0,0.5,0.2,7.575126792881131,0.0,16.78230850662986,1029.0,[],[],0.0,0.0,504.6215753470269,0.0,0.6003999999999999,0.0,0.0,-4.886485793677637,0.0,0.5,0.01,0.01,0.8,0.2
79,[],206.84,445.6344194643194,2031.575804768437,0.0,0.0,0.0,0.5,0.6,6.979544748680493,0.0,15.878147142593502,1034.2,[],[],0.0,0.0,519.9892031531194,0.0,0.6392,0.0,0.0,-4.583776044309058,0.0,0.5,0.01,0.01,0.8,0.2
80,[],176.32,18360.213194433734,11056.206951039672,0.0,0.0,0.0,0.1,0.2,2.6791471099829516,0.0,16.411420511557115,881.6,[],[],0.0,0.0,664.7158889855093,0.0,0.37960000000000005,0.0,0.0,-4.260937218161063,0.0,0.5,0.01,0.05,0.2,0.05
81,[],159.56,-11303.480432325221,8891.10662579379,0.0,0.0,0.0,0.1,0.6,5.120247657979057,0.0,16.86989387940953,797.8,[],[],0.0,0.0,576.1217452166823,0.0,0.5808000000000001,0.0,0.0,-4.322963818388666,0.0,0.5,0.01,0.05,0.2,0.05
82,[],133.04000000000002,16187.07251227551,46013.43139523814,0.0,0.0,0.0,0.1,0.2,3.7475254096615154,0.0,17.192925966364815,665.2,[],[],0.0,0.0,617.7509810720227,0.0,0.5172000000000001,0.0,0.0,-5.9067895290474155,0.0,0.5,0.01,0.05,0.2,0.2
83,[],148.2,-37170.97021336925,15691.399696096652,0.0,0.0,0.0,0.1,0.6,3.4912502322853927,0.0,16.913095464137292,741.0,[],[],0.0,0.0,666.9945957256762,0.0,0.484,0.0,0.0,-4.265056433733934,0.0,0.5,0.01,0.05,0.2,0.2
84,[],280.44,4835.604911499466,15420.698035598984,0.0,0.0,0.0,0.5,0.2,7.399190736165916,0.0,17.172450117032838,1402.2,[],[],0.0,0.0,764.5798134084291,0.0,0.3868,0.0,0.0,-6.895212823548434,0.0,0.5,0.01,0.05,0.2,0.05
85,[],174.84,-2656.7652946388494,10474.76573926785,0.0,0.0,0.0,0.5,0.6,11.321398460807979,0.0,16.487880951777292,874.2,[],[],0.0,0.0,513.6970112253382,0.0,0.5476,0.0,0.0,-4.725945677186724,0.0,0.5,0.01,0.05,0.2,0.05
86,[],281.03999999999996,2095.0201832627945,3736.007084799614,0.0,0.0,0.0,0.5,0.2,7.120321655056012,0.0,18.11604401095957,1405.2,[],[],0.0,0.0,633.6799270003329,0.0,0.5016,0.0,0.0,-3.6622120133780633,0.0,0.5,0.01,0.05,0.2,0.2
87,[],385.88,-757.3518747579128,3960.6178529097006,0.0,0.0,0.0,0.5,0.6,4.697868352287671,0.0,18.35027108486353,1929.4,[],[],0.0,0.0,747.758470617631,0.0,0.39879999999999993,0.0,0.0,-4.656372968320807,0.0,0.5,0.01,0.05,0.2,0.2
88,[],51.71999999999999,-2714.3562789531397,23729.262961318465,0.0,0.0,0.0,0.1,0.2,5.207553068120387,0.0,16.98990981362689,258.6,[],[],0.0,0.0,403.70945415498954,0.0,0.8380000000000001,0.0,0.0,-3.7928436500349556,0.0,0.5,0.01,0.05,0.8,0.05
89,[],140.28,7871.87310174295,12914.355257059817,0.0,0.0,0.0,0.1,0.6,2.9646063187436935,0.0,16.12970309457626,701.4,[],[],0.0,0.0,523.4467559866229,0.0,0.61,0.0,0.0,-5.037180796854434,0.0,0.5,0.01,0.05,0.8,0.05
90,[],118.88,-20082.449748140345,30065.989380989708,0.0,0.0,0.0,0.1,0.2,5.1828198281883875,0.0,19.6995035115472,594.4,[],[],0.0,0.0,688.4163032600924,0.0,0.53,0.0,0.0,-5.309681186725141,0.0,0.5,0.01,0.05,0.8,0.2
91,[],208.28000000000003,-11725.572384152252,4665.534997367382,0.0,0.0,0.0,0.1,0.6,5.295706127472154,0.0,15.325866671621691,1041.4,[],[],0.0,0.0,504.9649818362974,0.0,0.6264000000000001,0.0,0.0,-4.43206987195157,0.0,0.5,0.01,0.05,0.8,0.2
92,[],337.23999999999995,1378.7238802241507,1447.0664683015953,0.0,0.0,0.0,0.5,0.2,5.773727732203308,0.0,17.10861588876998,1686.2,[],[],0.0,0.0,583.5933501268763,0.0,0.48,0.0,0.0,-4.358915544005438,0.0,0.5,0.01,0.05,0.8,0.05
93,[],206.52000000000004,-1044.5540235979465,8847.691721056497,0.0,0.0,0.0,0.5,0.6,8.012549229299296,0.0,18.1569327487904,1032.6,[],[],0.0,0.0,645.1349320114999,0.0,0.49879999999999997,0.0,0.0,-4.500683570750195,0.0,0.5,0.01,0.05,0.8,0.05
94,[],280.15999999999997,5526.776597536559,10493.532640896254,0.0,0.0,0.0,0.5,0.2,5.957303943973168,0.0,17.30395943815993,1400.8,[],[],0.0,0.0,691.5692445504649,0.0,0.4156000000000001,0.0,0.0,-5.124409495288314,0.0,0.5,0.01,0.05,0.8,0.2
95,[],226.44,1990.110278979181,9492.664011754983,0.0,0.0,0.0,0.5,0.6,6.467716172267697,0.0,18.608914044908797,1132.2,[],[],0.0,0.0,711.9896583659644,0.0,0.4444,0.0,0.0,-5.835440228019115,0.0,0.5,0.01,0.05,0.8,0.2
96,[],65.96000000000001,-6304.593866240248,7349.760891317365,0.0,0.0,0.0,0.1,0.2,4.613369100553703,0.0,18.424793901321006,329.8,[],[],0.0,0.0,490.9687609874827,0.0,0.786,0.0,0.0,-4.942871550890922,0.0,0.5,0.05,0.01,0.2,0.05
97,[],330.88,-21066.709231944173,5626.867282709872,0.0,0.0,0.0,0.1,0.6,3.6781523889215775,0.0,17.60015656409342,1654.4,[],[],0.0,0.0,592.2797123130132,0.0,0.5316,0.0,0.0,-5.681695925219635,0.0,0.5,0.05,0.01,0.2,0.05
98,[],119.75999999999999,-29.649945091549945,6458.021971028762,0.0,0.0,0.0,0.1,0.2,6.621847178342437,0.0,16.712611638820682,598.8,[],[],0.0,0.0,474.8232399278847,0.0,0.7132000000000001,0.0,0.0,-6.043846396104525,0.0,0.5,0.05,0.01,0.2,0.2
99,[],99.96000000000001,-4620.598794817926,-1357.9779281730894,0.0,0.0,0.0,0.1,0.6,5.269365044050904,0.0,17.426639189575038,499.8,[],[],0.0,0.0,393.14612929872254,0.0,0.7504000000000001,0.0,0.0,-3.8711121425002175,0.0,0.5,0.05,0.01,0.2,0.2
100,[],352.88,-28.649254457547613,2011.3833635031933,0.0,0.0,0.0,0.5,0.2,6.423702629122173,0.0,17.176902877512738,1764.4,[],[],0.0,0.0,615.5543855523284,0.0,0.48719999999999997,0.0,0.0,-4.8200848747402505,0.0,0.5,0.05,0.01,0.2,0.05
101,[],195.6,-578.0834833480985,13515.33537453548,0.0,0.0,0.0,0.5,0.6,6.329185725501857,0.0,15.773432860866944,978.0,[],[],0.0,0.0,564.462366696379,0.0,0.5288,0.0,0.0,-5.557287239874153,0.0,0.5,0.05,0.01,0.2,0.05
102,[],255.04000000000002,1225.1613400636195,9421.958201210527,0.0,0.0,0.0,0.5,0.2,6.827408012548695,0.0,16.506486185484672,1275.2,[],[],0.0,0.0,663.497496493208,0.0,0.446,0.0,0.0,-4.675882347189715,0.0,0.5,0.05,0.01,0.2,0.2
103,[],215.8,12164.966717777132,15263.918638437146,0.0,0.0,0.0,0.5,0.6,5.539198066552046,0.0,17.35586496976203,1079.0,[],[],0.0,0.0,669.5310741643267,0.0,0.40680000000000005,0.0,0.0,-6.628259887755476,0.0,0.5,0.05,0.01,0.2,0.2
104,[],176.52,23253.031214089213,21152.309428881672,0.0,0.0,0.0,0.1,0.2,2.70421257381449,0.0,17.82220020551853,882.6,[],[],0.0,0.0,617.5382434277567,0.0,0.5364000000000001,0.0,0.0,-4.363805123395167,0.0,0.5,0.05,0.01,0.8,0.05
105,[],122.28000000000002,-1899.0416312233174,8660.751354801107,0.0,0.0,0.0,0.1,0.6,3.641052342314604,0.0,17.413576731288963,611.4,[],[],0.0,0.0,483.3789884264755,0.0,0.6839999999999999,0.0,0.0,-4.237188258678564,0.0,0.5,0.05,0.01,0.8,0.05
106,[],116.32000000000001,-8566.155773149934,31967.648853426297,0.0,0.0,0.0,0.1,0.2,4.788301510110472,0.0,18.37010235536591,581.6,[],[],0.0,0.0,557.6375030138825,0.0,0.672,0.0,0.0,-6.042065990444087,0.0,0.5,0.05,0.01,0.8,0.2
107,[],137.51999999999998,-2594.2737196149596,7440.979263192732,0.0,0.0,0.0,0.1,0.6,3.325999596196895,0.0,16.951320375852937,687.6,[],[],0.0,0.0,540.6822621236058,0.0,0.656,0.0,0.0,-4.084369725064783,0.0,0.5,0.05,0.01,0.8,0.2
108,[],262.4,1895.974145406571,5746.672653160033,0.0,0.0,0.0,0.5,0.2,5.535127122823613,0.0,17.64293802714959,1312.0,[],[],0.0,0.0,571.6141018056489,0.0,0.5064,0.0,0.0,-6.559973125074137,0.0,0.5,0.05,0.01,0.8,0.05
109,[],307.80000000000007,-2593.1654113344257,3107.471672839866,0.0,0.0,0.0,0.5,0.6,4.620108740810591,0.0,17.009432422942872,1539.0,[],[],0.0,0.0,627.4541175928047,0.0,0.5168,0.0,0.0,-3.652732390554971,0.0,0.5,0.05,0.01,0.8,0.05
110,[],219.08,-5726.7571496059745,7044.646411208394,0.0,0.0,0.0,0.5,0.2,6.147833139163466,0.0,17.979468008304714,1095.4,[],[],0.0,0.0,668.440678916208,0.0,0.5276000000000001,0.0,0.0,-5.567948638211041,0.0,0.5,0.05,0.01,0.8,0.2
111,[],160.12,-6694.784497479809,10979.532262857334,0.0,0.0,0.0,0.5,0.6,5.394400525005645,0.0,17.560577201536226,800.6,[],[],0.0,0.0,565.254751898697,0.0,0.6196,0.0,0.0,-3.8306038074475657,0.0,0.5,0.05,0.01,0.8,0.2
112,[],145.16000000000003,15959.41087592772,46210.502304331094,0.0,0.0,0.0,0.1,0.2,4.534426406548575,0.0,16.480648893621158,725.8,[],[],0.0,0.0,487.3952803156884,0.0,0.5995999999999999,0.0,0.0,-8.069014179143782,0.0,0.5,0.05,0.05,0.2,0.05
113,[],78.16,-10543.269626368216,28674.07280947533,0.0,0.0,0.0,0.1,0.6,4.900015778595335,0.0,17.981283626274966,390.8,[],[],0.0,0.0,483.9280808430359,0.0,0.7212,0.0,0.0,-5.769599930477547,0.0,0.5,0.05,0.05,0.2,0.05
114,[],157.32,1813.1315241366392,6481.338104404169,0.0,0.0,0.0,0.1,0.2,4.133536199540334,0.0,18.636640848084383,786.6,[],[],0.0,0.0,555.5602652927034,0.0,0.5748000000000001,0.0,0.0,-5.194969361932191,0.0,0.5,0.05,0.05,0.2,0.2
115,[],88.52,-5353.707058015122,18597.30243003948,0.0,0.0,0.0,0.1,0.6,5.652551582484021,0.0,17.06332500570269,442.6,[],[],0.0,0.0,532.8030162444053,0.0,0.7172,0.0,0.0,-5.375906092721451,0.0,0.5,0.05,0.05,0.2,0.2
116,[],183.76,3563.9495785804866,13464.042574409323,0.0,0.0,0.0,0.5,0.2,7.936913178927256,0.0,17.102483400040484,918.8,[],[],0.0,0.0,581.4877098621687,0.0,0.5804,0.0,0.0,-4.827840325202673,0.0,0.5,0.05,0.05,0.2,0.05
117,[],230.32,-7148.040694465931,42269.58744171994,0.0,0.0,0.0,0.5,0.6,5.740789689012198,0.0,16.16331153068942,1151.6,[],[],0.0,0.0,645.7079292109393,0.0,0.5344,0.0,0.0,-6.193466030460459,0.0,0.5,0.05,0.05,0.2,0.05
118,[],349.36,-2551.3261252867856,993.3620439392164,0.0,0.0,0.0,0.5,0.2,4.3071430942560625,0.0,17.146387915528948,1746.8,[],[],0.0,0.0,636.2665834695051,0.0,0.4316000000000001,0.0,0.0,-4.850669751759533,0.0,0.5,0.05,0.05,0.2,0.2
119,[],323.23999999999995,-5210.202896736263,11537.448497379572,0.0,0.0,0.0,0.5,0.6,4.851467579214535,0.0,17.357949959750872,1616.2,[],[],0.0,0.0,755.4190669535735,0.0,0.40679999999999994,0.0,0.0,-5.925517347004535,0.0,0.5,0.05,0.05,0.2,0.2
120,[],146.11999999999998,332.42807766209717,1872.0408268901472,0.0,0.0,0.0,0.1,0.2,3.224165109593379,0.0,17.590227729118673,730.6,[],[],0.0,0.0,542.6910912016946,0.0,0.6420000000000001,0.0,0.0,-3.8357698023024653,0.0,0.5,0.05,0.05,0.8,0.05
121,[],69.16,54216.73142026318,42445.645179999156,0.0,0.0,0.0,0.1,0.6,4.7754642527480655,0.0,17.111029149953133,345.8,[],[],0.0,0.0,480.21877367823134,0.0,0.6940000000000001,0.0,0.0,-3.568057563214399,0.0,0.5,0.05,0.05,0.8,0.05
122,[],95.4,5154.8947527344835,1112.9890788303755,0.0,0.0,0.0,0.1,0.2,4.671039300668501,0.0,17.582421620356246,477.0,[],[],0.0,0.0,496.95136813009157,0.0,0.7232000000000001,0.0,0.0,-3.878029765986809,0.0,0.5,0.05,0.05,0.8,0.2
123,[],112.8,1646.9816296068652,2986.9937479142286,0.0,0.0,0.0,0.1,0.6,5.149639454567503,0.0,16.56038467040462,564.0,[],[],0.0,0.0,515.9252549953778,0.0,0.7144,0.0,0.0,-5.298893658321676,0.0,0.5,0.05,0.05,0.8,0.2
124,[],178.8,-796.745865639854,36825.91797135347,0.0,0.0,0.0,0.5,0.2,5.6197780141493405,0.0,17.14612786756733,894.0,[],[],0.0,0.0,585.9834786230365,0.0,0.5336,0.0,0.0,-4.415158949391651,0.0,0.5,0.05,0.05,0.8,0.05
125,[],269.36,-5387.638995953471,13917.507237026264,0.0,0.0,0.0,0.5,0.6,4.235941012108575,0.0,17.33227484110226,1346.8,[],[],0.0,0.0,714.3535399238987,0.0,0.3928,0.0,0.0,-6.339723962177791,0.0,0.5,0.05,0.05,0.8,0.05
126,[],328.96000000000004,-1816.4616330960512,3807.288416698701,0.0,0.0,0.0,0.5,0.2,5.966504016636227,0.0,16.977629396255338,1644.8,[],[],0.0,0.0,632.2665071131872,0.0,0.5172000000000001,0.0,0.0,-4.602661680958714,0.0,0.5,0.05,0.05,0.8,0.2
127,[],180.64000000000001,-595.4862752953514,23264.475288789148,0.0,0.0,0.0,0.5,0.6,5.148463620957019,0.0,17.395121993105015,903.2,[],[],0.0,0.0,622.4837501781715,0.0,0.49400000000000005,0.0,0.0,-8.781398755724435,0.0,0.5,0.05,0.05,0.8,0.2
128,[],221.16000000000003,-7028.446987123423,5895.9944555986785,0.0,0.0,0.5,0.1,0.2,2.82153671488601,0.0,17.74379274291814,1105.8,[],[],0.0,0.0,675.4744682063936,0.0,0.4716,0.0,0.0,-4.6842155682449045,0.5,0.1,0.01,0.01,0.2,0.05
129,[],132.64000000000001,-1811.3028105859407,32651.521314884205,0.0,0.0,0.5,0.1,0.6,5.809526564942682,0.0,17.076485362546485,663.2,[],[],0.0,0.0,546.247507609061,0.0,0.5700000000000001,0.0,0.0,-5.462074456794831,0.5,0.1,0.01,0.01,0.2,0.05
130,[],138.52,-271.0176564234798,5725.4749547792535,0.0,0.0,0.5,0.1,0.2,5.014732652366895,0.0,17.27033875323803,692.6,[],[],0.0,0.0,516.5321083368584,0.0,0.7083999999999999,0.0,0.0,-3.9746247230959995,0.5,0.1,0.01,0.01,0.2,0.2
131,[],83.19999999999999,-560.0069609587206,7873.838570737324,0.0,0.0,0.5,0.1,0.6,4.892606267022304,0.0,19.328714996805864,416.0,[],[],0.0,0.0,521.1409015313558,0.0,0.7272,0.0,0.0,-3.357632243362546,0.5,0.1,0.01,0.01,0.2,0.2
132,[],244.55999999999995,-242.70452893955525,4769.571138036701,0.0,0.0,0.5,0.5,0.2,8.781162446348096,0.0,16.61436314875226,1222.8,[],[],0.0,0.0,532.4574427057876,0.0,0.6368,0.0,0.0,-5.444381960207648,0.5,0.1,0.01,0.01,0.2,0.05
133,[],184.2,-1740.499567656008,3003.7413725384868,0.0,0.0,0.5,0.5,0.6,7.9119154360282575,0.0,17.607081090545865,921.0,[],[],0.0,0.0,463.3061065786327,0.0,0.6848,0.0,0.0,-3.9532926301345426,0.5,0.1,0.01,0.01,0.2,0.05
134,[],313.76,-3052.8973965324517,5677.617424960374,0.0,0.0,0.5,0.5,0.2,6.039921345301101,0.0,17.017621774063862,1568.8,[],[],0.0,0.0,649.5473345811552,0.0,0.4312,0.0,0.0,-4.6165473093552745,0.5,0.1,0.01,0.01,0.2,0.2
135,[],170.76,5128.940540600417,6231.803645567587,0.0,0.0,0.5,0.5,0.6,10.007289130899103,0.0,18.10035494953472,853.8,[],[],0.0,0.0,506.0964431078579,0.0,0.654,0.0,0.0,-4.775899091768122,0.5,0.1,0.01,0.01,0.2,0.2
136,[],105.04,-21285.367379822117,22264.443788618948,0.0,0.0,0.5,0.1,0.2,2.6398207326646927,0.0,16.949229654481474,525.2,[],[],0.0,0.0,516.9220977868008,0.0,0.6456000000000001,0.0,0.0,-5.998625084202367,0.5,0.1,0.01,0.01,0.8,0.05
137,[],164.35999999999999,-14080.545854955291,8198.405208239226,0.0,0.0,0.5,0.1,0.6,2.9606307371748826,0.0,17.720326464598134,821.8,[],[],0.0,0.0,588.7978285138919,0.0,0.5648000000000001,0.0,0.0,-4.226524678414003,0.5,0.1,0.01,0.01,0.8,0.05
138,[],151.28,-3340.3345898725465,23759.77639076492,0.0,0.0,0.5,0.1,0.2,2.632847709921333,0.0,18.33111632984781,756.4,[],[],0.0,0.0,614.4134709242276,0.0,0.5432,0.0,0.0,-8.744656590085706,0.5,0.1,0.01,0.01,0.8,0.2
139,[],167.56,-9477.543172799371,15759.472006297103,0.0,0.0,0.5,0.1,0.6,3.386304922156416,0.0,18.009482847030128,837.8,[],[],0.0,0.0,625.9186359112655,0.0,0.5952,0.0,0.0,-5.654146703474963,0.5,0.1,0.01,0.01,0.8,0.2
140,[],105.08,10243.232309516909,12791.381528811646,0.0,0.0,0.5,0.5,0.2,6.159256755903922,0.0,18.525483223023024,525.4,[],[],0.0,0.0,474.8591063330954,0.0,0.7627999999999999,0.0,0.0,-7.340847358798522,0.5,0.1,0.01,0.01,0.8,0.05
141,[],211.84,-1616.145093724709,2661.087135346752,0.0,0.0,0.5,0.5,0.6,4.577186310920423,0.0,15.975555395528508,1059.2,[],[],0.0,0.0,502.73569302749803,0.0,0.6803999999999999,0.0,0.0,-6.889769033216062,0.5,0.1,0.01,0.01,0.8,0.05
142,[],257.84000000000003,-5788.434037185132,14565.795542418107,0.0,0.0,0.5,0.5,0.2,6.128818911588178,0.0,18.865558601174996,1289.2,[],[],0.0,0.0,705.903850855829,0.0,0.5087999999999999,0.0,0.0,-7.427067349109789,0.5,0.1,0.01,0.01,0.8,0.2
143,[],143.71999999999997,6449.984410071493,9099.19328431904,0.0,0.0,0.5,0.5,0.6,7.453951277697397,0.0,17.858094388388228,718.6,[],[],0.0,0.0,494.4325529057202,0.0,0.7016,0.0,0.0,-5.0732162937237515,0.5,0.1,0.01,0.01,0.8,0.2
144,[],116.28,-18720.401540979867,51065.593955552904,0.0,0.0,0.5,0.1,0.2,4.543970330296659,0.0,20.29889586054632,581.4,[],[],0.0,0.0,658.2714708921728,0.0,0.6308,0.0,0.0,-8.702094773738766,0.5,0.1,0.01,0.05,0.2,0.05
145,[],112.63999999999999,32926.13376280413,30146.124972279784,0.0,0.0,0.5,0.1,0.6,3.8644882902008875,0.0,16.753928345770586,563.2,[],[],0.0,0.0,593.8146967121795,0.0,0.5544,0.0,0.0,-6.890042151620529,0.5,0.1,0.01,0.05,0.2,0.05
146,[],204.64000000000001,-2057.3882652300003,8411.244625802854,0.0,0.0,0.5,0.1,0.2,3.3432460312295214,0.0,19.11211871179112,1023.2,[],[],0.0,0.0,698.5987485410841,0.0,0.4508,0.0,0.0,-6.553120599032253,0.5,0.1,0.01,0.05,0.2,0.2
147,[],123.20000000000002,12979.228134552302,23990.74379122881,0.0,0.0,0.5,0.1,0.6,4.490060340679939,0.0,15.14338655820752,616.0,[],[],0.0,0.0,489.82282537523577,0.0,0.6312,0.0,0.0,-4.5669202414238805,0.5,0.1,0.01,0.05,0.2,0.2
148,[],219.4,-8358.715329836803,23346.358762461365,0.0,0.0,0.5,0.5,0.2,5.171110686573529,0.0,17.505281301615675,1097.0,[],[],0.0,0.0,680.8237621402765,0.0,0.438,0.0,0.0,-4.170984323019495,0.5,0.1,0.01,0.05,0.2,0.05
149,[],174.48,5393.029767597458,11534.193336327662,0.0,0.0,0.5,0.5,0.6,9.401892124323075,0.0,16.409290139786368,872.4,[],[],0.0,0.0,537.7418916485909,0.0,0.5488,0.0,0.0,-4.629358117792746,0.5,0.1,0.01,0.05,0.2,0.05
150,[],309.8,-1181.0360173046918,4177.00081502793,0.0,0.0,0.5,0.5,0.2,5.8463158093668754,0.0,17.18074837013661,1549.0,[],[],0.0,0.0,602.5061006196174,0.0,0.5608000000000001,0.0,0.0,-4.623428831098984,0.5,0.1,0.01,0.05,0.2,0.2
151,[],223.95999999999998,-5024.232793401001,3732.319895456369,0.0,0.0,0.5,0.5,0.6,8.998158938204817,0.0,16.95572036627303,1119.8,[],[],0.0,0.0,573.6457117840898,0.0,0.5744,0.0,0.0,-4.984569908816816,0.5,0.1,0.01,0.05,0.2,0.2
152,[],47.32000000000001,2151.190962281027,2933.2200783738967,0.0,0.0,0.5,0.1,0.2,5.513742598520113,0.0,16.938314540260553,236.6,[],[],0.0,0.0,466.2260567647548,0.0,0.8928,0.0,0.0,-4.493652524514746,0.5,0.1,0.01,0.05,0.8,0.05
153,[],163.56,-5291.166587964935,6904.697179490751,0.0,0.0,0.5,0.1,0.6,2.516244774911777,0.0,16.873104923048782,817.8,[],[],0.0,0.0,515.2595765976153,0.0,0.5836,0.0,0.0,-4.523822534679587,0.5,0.1,0.01,0.05,0.8,0.05
154,[],106.28,-3483.3117660725416,21545.395663498995,0.0,0.0,0.5,0.1,0.2,2.409913379659838,0.0,18.408153906785795,531.4,[],[],0.0,0.0,519.8389423784947,0.0,0.6352,0.0,0.0,-7.107902360647984,0.5,0.1,0.01,0.05,0.8,0.2
155,[],140.56,8765.027434776086,45105.21184651439,0.0,0.0,0.5,0.1,0.6,1.851602232356445,0.0,21.85533749294616,702.8,[],[],0.0,0.0,738.9948586423815,0.0,0.5128000000000001,0.0,0.0,-9.987602082635787,0.5,0.1,0.01,0.05,0.8,0.2
156,[],182.92000000000002,5780.948078225447,19702.94397596574,0.0,0.0,0.5,0.5,0.2,7.876006831137216,0.0,16.853333808179762,914.6,[],[],0.0,0.0,562.9171424151057,0.0,0.544,0.0,0.0,-6.686218724666301,0.5,0.1,0.01,0.05,0.8,0.05
157,[],151.76000000000002,7237.314286703897,11115.952593582717,0.0,0.0,0.5,0.5,0.6,7.6547949942577915,0.0,16.851264279614504,758.8,[],[],0.0,0.0,502.56569589763023,0.0,0.6279999999999999,0.0,0.0,-5.56812048634684,0.5,0.1,0.01,0.05,0.8,0.05
158,[],225.32000000000002,-4092.060305943428,13721.479378603457,0.0,0.0,0.5,0.5,0.2,6.124307941688377,0.0,16.2731386357688,1126.6,[],[],0.0,0.0,562.9928166984078,0.0,0.5448000000000001,0.0,0.0,-7.250517195026563,0.5,0.1,0.01,0.05,0.8,0.2
159,[],179.71999999999997,210.26741634193894,11215.652600774349,0.0,0.0,0.5,0.5,0.6,6.311781771956255,0.0,20.16589275744136,898.6,[],[],0.0,0.0,597.557300209651,0.0,0.6088,0.0,0.0,-6.454368850265707,0.5,0.1,0.01,0.05,0.8,0.2
160,[],122.44000000000001,-2486.79524852955,5106.480046800293,0.0,0.0,0.5,0.1,0.2,4.410736418131288,0.0,16.11392128004385,612.2,[],[],0.0,0.0,515.4904561246614,0.0,0.6896000000000001,0.0,0.0,-5.736570317190119,0.5,0.1,0.05,0.01,0.2,0.05
161,[],87.72,18143.9422661382,50388.46026337217,0.0,0.0,0.5,0.1,0.6,1.4960706553078438,0.0,20.42205904116945,438.6,[],[],0.0,0.0,614.2813002937721,0.0,0.6140000000000001,0.0,0.0,-7.311698144336193,0.5,0.1,0.05,0.01,0.2,0.05
162,[],28.880000000000003,-6064.491559276256,11673.97774637515,0.0,0.0,0.5,0.1,0.2,6.101060452696868,0.0,17.172537580458616,144.4,[],[],0.0,0.0,311.8651046782965,0.0,0.8932,0.0,0.0,-6.331704150960411,0.5,0.1,0.05,0.01,0.2,0.2
163,[],81.39999999999999,-56645.300754924785,31651.283025141776,0.0,0.0,0.5,0.1,0.6,2.245828807860922,0.0,15.334449886017136,407.0,[],[],0.0,0.0,756.1583413037617,0.0,0.6120000000000001,0.0,0.0,-6.452309983027105,0.5,0.1,0.05,0.01,0.2,0.2
164,[],288.0,2188.719500465374,4752.816433471963,0.0,0.0,0.5,0.5,0.2,6.22291476307816,0.0,18.86720231519157,1440.0,[],[],0.0,0.0,650.466694055569,0.0,0.49000000000000005,0.0,0.0,-6.6471875359985,0.5,0.1,0.05,0.01,0.2,0.05
165,[],276.08000000000004,-5191.598649503752,12658.586763798823,0.0,0.0,0.5,0.5,0.6,5.7129616808900705,0.0,15.847054183564035,1380.4,[],[],0.0,0.0,618.8594959739046,0.0,0.4444000000000001,0.0,0.0,-5.690650363510572,0.5,0.1,0.05,0.01,0.2,0.05
166,[],203.72,-7730.009568989213,22355.2664670556,0.0,0.0,0.5,0.5,0.2,6.564206200777757,0.0,17.229149970631198,1018.6,[],[],0.0,0.0,635.9156551580625,0.0,0.534,0.0,0.0,-6.184749199178642,0.5,0.1,0.05,0.01,0.2,0.2
167,[],109.75999999999999,-4741.97513945721,13644.807234280936,0.0,0.0,0.5,0.5,0.6,7.680095316948136,0.0,17.884645815904296,548.8,[],[],0.0,0.0,491.4375646824109,0.0,0.686,0.0,0.0,-7.03040916545226,0.5,0.1,0.05,0.01,0.2,0.2
168,[],68.75999999999999,13872.889196953978,20427.028136616897,0.0,0.0,0.5,0.1,0.2,2.6561401022598226,0.0,17.973994560541918,343.8,[],[],0.0,0.0,468.64912750223937,0.0,0.7612000000000001,0.0,0.0,-6.7883470022142856,0.5,0.1,0.05,0.01,0.8,0.05
169,[],188.68,-5934.19504997632,3103.4043582282693,0.0,0.0,0.5,0.1,0.6,2.7642173039951548,0.0,18.371411120887526,943.4,[],[],0.0,0.0,503.81108742076987,0.0,0.6332000000000001,0.0,0.0,-5.591815030360861,0.5,0.1,0.05,0.01,0.8,0.05
170,[],180.68,30537.767544416965,59068.30993333007,0.0,0.0,0.5,0.1,0.2,1.6216199544810146,0.0,17.681418839293197,903.4,[],[],0.0,0.0,647.3786874837057,0.0,0.48040000000000005,0.0,0.0,-7.607436361415031,0.5,0.1,0.05,0.01,0.8,0.2
171,[],71.12,-19230.093855634597,13520.3816628409,0.0,0.0,0.5,0.1,0.6,4.5651022549640405,0.0,18.29393166384271,355.6,[],[],0.0,0.0,502.9731365545123,0.0,0.704,0.0,0.0,-6.2680467420224115,0.5,0.1,0.05,0.01,0.8,0.2
172,[],215.64000000000001,-5110.469712637001,9689.35582835938,0.0,0.0,0.5,0.5,0.2,5.275900889254521,0.0,17.22444591387002,1078.2,[],[],0.0,0.0,629.8380340707998,0.0,0.5072,0.0,0.0,-5.557979667615724,0.5,0.1,0.05,0.01,0.8,0.05
173,[],238.64000000000001,-1714.728334082049,14678.896760044727,0.0,0.0,0.5,0.5,0.6,4.66184557370647,0.0,16.75416048756231,1193.2,[],[],0.0,0.0,572.7825521689674,0.0,0.5008000000000001,0.0,0.0,-6.194763588885535,0.5,0.1,0.05,0.01,0.8,0.05
174,[],237.52000000000004,-31341.914768094226,32426.660159959294,0.0,0.0,0.5,0.5,0.2,5.4469145377466335,0.0,16.37115187106401,1187.6,[],[],0.0,0.0,580.8039519516144,0.0,0.4692,0.0,0.0,-8.382978967828711,0.5,0.1,0.05,0.01,0.8,0.2
175,[],140.52000000000004,12494.242401309448,12254.073108569311,0.0,0.0,0.5,0.5,0.6,6.120899061290753,0.0,18.434424615264856,702.6,[],[],0.0,0.0,580.7010349080058,0.0,0.6228,0.0,0.0,-8.280103154272272,0.5,0.1,0.05,0.01,0.8,0.2
176,[],199.56,-3259.434756690899,7783.89365573605,0.0,0.0,0.5,0.1,0.2,1.8447199033154547,0.0,18.453562323562718,997.8,[],[],0.0,0.0,586.5958684116115,0.0,0.5136,0.0,0.0,-6.773308127704233,0.5,0.1,0.05,0.05,0.2,0.05
177,[],162.76,-5255.425191316365,229.74762403709965,0.0,0.0,0.5,0.1,0.6,3.3906943511990257,0.0,17.827487206721127,813.8,[],[],0.0,0.0,534.6550859282796,0.0,0.6288,0.0,0.0,-5.371922762588469,0.5,0.1,0.05,0.05,0.2,0.05
178,[],108.44000000000001,22894.572999837972,11183.593792214897,0.0,0.0,0.5,0.1,0.2,5.036407428550296,0.0,18.05978740632195,542.2,[],[],0.0,0.0,480.90722989643655,0.0,0.6888,0.0,0.0,-5.7116256746077685,0.5,0.1,0.05,0.05,0.2,0.2
179,[],158.64000000000001,-885.495828077093,8354.51313332544,0.0,0.0,0.5,0.1,0.6,4.566714272667793,0.0,18.124609411878822,793.2,[],[],0.0,0.0,607.053842191674,0.0,0.7031999999999999,0.0,0.0,-6.182806975170868,0.5,0.1,0.05,0.05,0.2,0.2
180,[],331.72,-5386.031232138132,5264.574171008538,0.0,0.0,0.5,0.5,0.2,5.307125136176704,0.0,17.3535251146513,1658.6,[],[],0.0,0.0,622.0401836270385,0.0,0.46840000000000004,0.0,0.0,-6.661158972030466,0.5,0.1,0.05,0.05,0.2,0.05
181,[],121.64000000000001,2711.6075151595824,1527.190392990929,0.0,0.0,0.5,0.5,0.6,7.645724648171374,0.0,17.288405913232282,608.2,[],[],0.0,0.0,484.1814408831051,0.0,0.742,0.0,0.0,-4.471295319573807,0.5,0.1,0.05,0.05,0.2,0.05
182,[],211.2,463.67392361823977,5143.546386902135,0.0,0.0,0.5,0.5,0.2,6.9636881384327625,0.0,16.603981081116856,1056.0,[],[],0.0,0.0,544.6476802465957,0.0,0.5780000000000001,0.0,0.0,-5.4789490516130845,0.5,0.1,0.05,0.05,0.2,0.2
183,[],153.64000000000001,1705.0721899602315,2440.5921133081565,0.0,0.0,0.5,0.5,0.6,8.369876785692068,0.0,18.254323725020623,768.2,[],[],0.0,0.0,535.4775377628948,0.0,0.7276,0.0,0.0,-3.7632617768872927,0.5,0.1,0.05,0.05,0.2,0.2
184,[],44.480000000000004,-1657.4060964620016,4980.395424299442,0.0,0.0,0.5,0.1,0.2,4.925807757030459,0.0,17.491388578330927,222.4,[],[],0.0,0.0,366.17471434212075,0.0,0.834,0.0,0.0,-4.549112943868372,0.5,0.1,0.05,0.05,0.8,0.05
185,[],127.32000000000001,-16669.057835814114,25165.360634369998,0.0,0.0,0.5,0.1,0.6,2.4991156916864923,0.0,19.112316057089497,636.6,[],[],0.0,0.0,635.7314400606386,0.0,0.5856,0.0,0.0,-7.606747382337176,0.5,0.1,0.05,0.05,0.8,0.05
186,[],238.68,7038.392054281739,7529.968109395396,0.0,0.0,0.5,0.1,0.2,1.5897589613781031,0.0,15.115529455687897,1193.4,[],[],0.0,0.0,600.8596977163268,0.0,0.44799999999999995,0.0,0.0,-6.924893533212746,0.5,0.1,0.05,0.05,0.8,0.2
187,[],333.84000000000003,13380.985028799852,40976.100637129006,0.0,0.0,0.5,0.1,0.6,2.544216124555212,0.0,17.07883260659168,1669.2,[],[],0.0,0.0,724.6808939312652,0.0,0.4708,0.0,0.0,-7.759635237665584,0.5,0.1,0.05,0.05,0.8,0.2
188,[],200.44,-2652.917993090655,7825.04485688649,0.0,0.0,0.5,0.5,0.2,5.926511933274716,0.0,16.84408960019359,1002.2,[],[],0.0,0.0,558.6316877315434,0.0,0.5755999999999999,0.0,0.0,-6.993590644968739,0.5,0.1,0.05,0.05,0.8,0.05
189,[],185.24,9874.519100881947,24675.58216343233,0.0,0.0,0.5,0.5,0.6,5.905349692755369,0.0,17.302673231812427,926.2,[],[],0.0,0.0,614.0661861953739,0.0,0.506,0.0,0.0,-6.283948177992768,0.5,0.1,0.05,0.05,0.8,0.05
190,[],126.67999999999999,-5547.269691504022,45872.75291010288,0.0,0.0,0.5,0.5,0.2,4.416867551435179,0.0,18.019255665900936,633.4,[],[],0.0,0.0,652.5137321794743,0.0,0.5768000000000001,0.0,0.0,-7.15327411539332,0.5,0.1,0.05,0.05,0.8,0.2
191,[],206.24,24478.24716718638,20772.546835882295,0.0,0.0,0.5,0.5,0.6,4.9004984992263285,0.0,18.097562849339514,1031.2,[],[],0.0,0.0,578.3374453700955,0.0,0.5292000000000001,0.0,0.0,-6.824127806909969,0.5,0.1,0.05,0.05,0.8,0.2
192,[],182.72000000000003,-4306.72935736173,2260.6496850147596,0.0,0.0,0.5,0.1,0.2,5.286753927595228,0.0,16.598291755297154,913.6,[],[],0.0,0.0,467.80651642927734,0.0,0.6904000000000001,0.0,0.0,-6.68684983030568,0.5,0.5,0.01,0.01,0.2,0.05
193,[],200.88000000000002,-8100.448014856936,-2484.9737643513827,0.0,0.0,0.5,0.1,0.6,2.302068530405479,0.0,17.072594290331047,1004.4,[],[],0.0,0.0,630.8518747591327,0.0,0.5284,0.0,0.0,-4.2353388718135365,0.5,0.5,0.01,0.01,0.2,0.05
194,[],98.84,9355.979624364198,33432.91373148076,0.0,0.0,0.5,0.1,0.2,4.127325776326809,0.0,16.431048424521055,494.2,[],[],0.0,0.0,507.7150921730623,0.0,0.5864,0.0,0.0,-4.999636673831652,0.5,0.5,0.01,0.01,0.2,0.2
195,[],209.88000000000002,643.2380733450962,7295.073172840003,0.0,0.0,0.5,0.1,0.6,5.39962306979559,0.0,18.34805137650769,1049.4,[],[],0.0,0.0,597.3607108499939,0.0,0.55,0.0,0.0,-4.024946543732831,0.5,0.5,0.01,0.01,0.2,0.2
196,[],253.28000000000003,-2103.473627939569,18463.288442320118,0.0,0.0,0.5,0.5,0.2,7.48534064638109,0.0,16.92758825852194,1266.4,[],[],0.0,0.0,669.2393777071723,0.0,0.404,0.0,0.0,-6.426401397345112,0.5,0.5,0.01,0.01,0.2,0.05
197,[],301.48,-2679.9565656694076,1341.515131414974,0.0,0.0,0.5,0.5,0.6,8.122069417413922,0.0,17.363416526277415,1507.4,[],[],0.0,0.0,660.2705892815837,0.0,0.4800000000000001,0.0,0.0,-4.466019299223454,0.5,0.5,0.01,0.01,0.2,0.05
198,[],221.20000000000005,2432.5989615723765,16840.12741800933,0.0,0.0,0.5,0.5,0.2,6.804540886508282,0.0,18.771239172994232,1106.0,[],[],0.0,0.0,681.0465182814776,0.0,0.5104,0.0,0.0,-4.925823721813184,0.5,0.5,0.01,0.01,0.2,0.2
199,[],244.48000000000002,-6929.470748599901,4082.5398899046586,0.0,0.0,0.5,0.5,0.6,5.943261077879539,0.0,17.504080799764864,1222.4,[],[],0.0,0.0,642.8373918253573,0.0,0.4875999999999999,0.0,0.0,-4.871086993151422,0.5,0.5,0.01,0.01,0.2,0.2
200,[],78.63999999999999,-923.6402831016012,6116.600773574038,0.0,0.0,0.5,0.1,0.2,5.933947051241651,0.0,15.340142516235465,393.2,[],[],0.0,0.0,425.4470362729411,0.0,0.7263999999999999,0.0,0.0,-5.383483032237538,0.5,0.5,0.01,0.01,0.8,0.05
201,[],124.40000000000002,12910.254978838468,17278.518181286778,0.0,0.0,0.5,0.1,0.6,3.1123752478585787,0.0,18.093526586903756,622.0,[],[],0.0,0.0,475.8514408773984,0.0,0.72,0.0,0.0,-6.42435755997027,0.5,0.5,0.01,0.01,0.8,0.05
202,[],104.6,11034.36572841047,22667.03578845592,0.0,0.0,0.5,0.1,0.2,4.708024034467266,0.0,18.079847961678702,523.0,[],[],0.0,0.0,513.3904965561221,0.0,0.6892,0.0,0.0,-7.757116438845371,0.5,0.5,0.01,0.01,0.8,0.2
203,[],245.47999999999996,25136.018390503137,27683.173059952147,0.0,0.0,0.5,0.1,0.6,3.758544097428677,0.0,17.31226451151768,1227.4,[],[],0.0,0.0,502.1682064222999,0.0,0.6,0.0,0.0,-6.237944640713029,0.5,0.5,0.01,0.01,0.8,0.2
204,[],354.48,-13487.744289661536,10309.583932234334,0.0,0.0,0.5,0.5,0.2,5.091607013514921,0.0,17.30204416090349,1772.4,[],[],0.0,0.0,729.6527547724988,0.0,0.44800000000000006,0.0,0.0,-6.708855759304969,0.5,0.5,0.01,0.01,0.8,0.05
205,[],210.32,-727.9815753466585,8767.550480763528,0.0,0.0,0.5,0.5,0.6,6.528231010437517,0.0,19.182283697581152,1051.6,[],[],0.0,0.0,534.6636447555364,0.0,0.6388,0.0,0.0,-6.407225088215094,0.5,0.5,0.01,0.01,0.8,0.05
206,[],142.2,6635.364241142071,15449.597740391147,0.0,0.0,0.5,0.5,0.2,6.419055567006471,0.0,16.65909770138311,711.0,[],[],0.0,0.0,472.83549302480424,0.0,0.6708000000000001,0.0,0.0,-6.282706799532005,0.5,0.5,0.01,0.01,0.8,0.2
207,[],234.6,-4277.1381069325025,6608.48075119739,0.0,0.0,0.5,0.5,0.6,5.278058041038949,0.0,18.511744078495333,1173.0,[],[],0.0,0.0,619.8201522794152,0.0,0.5052,0.0,0.0,-4.471814802505721,0.5,0.5,0.01,0.01,0.8,0.2
208,[],125.2,19440.669124255033,3292.704649736649,0.0,0.0,0.5,0.1,0.2,4.830978440728806,0.0,18.686628137021124,626.0,[],[],0.0,0.0,531.4113618229223,0.0,0.6988000000000001,0.0,0.0,-5.9158743684370325,0.5,0.5,0.01,0.05,0.2,0.05
209,[],67.91999999999999,-10564.934893600968,6342.560126192666,0.0,0.0,0.5,0.1,0.6,6.174411975512834,0.0,18.335997820584645,339.6,[],[],0.0,0.0,449.5423990293813,0.0,0.8012,0.0,0.0,-3.0942155344203552,0.5,0.5,0.01,0.05,0.2,0.05
210,[],80.11999999999999,-257.33746266048814,4980.729985939475,0.0,0.0,0.5,0.1,0.2,6.505751676312853,0.0,17.29944192653437,400.6,[],[],0.0,0.0,504.5709571471252,0.0,0.7327999999999999,0.0,0.0,-4.450896505722095,0.5,0.5,0.01,0.05,0.2,0.2
211,[],213.56,-5395.11253415799,10069.880203197716,0.0,0.0,0.5,0.1,0.6,2.2228998133730635,0.0,17.599029478710445,1067.8,[],[],0.0,0.0,731.1987602004664,0.0,0.446,0.0,0.0,-3.6380451333969672,0.5,0.5,0.01,0.05,0.2,0.2
212,[],350.20000000000005,5957.773797623262,7154.344588908466,0.0,0.0,0.5,0.5,0.2,6.873673343072511,0.0,17.537627716612292,1751.0,[],[],0.0,0.0,706.3388710720543,0.0,0.426,0.0,0.0,-4.988865962607751,0.5,0.5,0.01,0.05,0.2,0.05
213,[],297.71999999999997,-67.06179711459262,19329.651477866275,0.0,0.0,0.5,0.5,0.6,6.54618743071101,0.0,18.89783267352927,1488.6,[],[],0.0,0.0,804.6635191767662,0.0,0.3512,0.0,0.0,-6.41859024484487,0.5,0.5,0.01,0.05,0.2,0.05
214,[],271.52,-4218.916298815544,9083.566833663175,0.0,0.0,0.5,0.5,0.2,6.489602786423293,0.0,16.870618268545506,1357.6,[],[],0.0,0.0,652.531697424411,0.0,0.4828,0.0,0.0,-4.4688394550321915,0.5,0.5,0.01,0.05,0.2,0.2
215,[],186.64000000000001,-3074.214248598761,6257.398851514785,0.0,0.0,0.5,0.5,0.6,5.822058078380261,0.0,16.284787794637545,933.2,[],[],0.0,0.0,518.595433784115,0.0,0.6100000000000001,0.0,0.0,-2.9869766206802404,0.5,0.5,0.01,0.05,0.2,0.2
216,[],42.599999999999994,-5783.909497054548,1860.4021252794632,0.0,0.0,0.5,0.1,0.2,6.015059940704288,0.0,18.336725425446616,213.0,[],[],0.0,0.0,337.1689481725006,0.0,0.8987999999999999,0.0,0.0,-7.079794314966871,0.5,0.5,0.01,0.05,0.8,0.05
217,[],83.6,5588.89913295124,-1750.1358407599407,0.0,0.0,0.5,0.1,0.6,3.012422818935467,0.0,18.52293981489051,418.0,[],[],0.0,0.0,500.51511285274046,0.0,0.6920000000000001,0.0,0.0,-7.103918975486859,0.5,0.5,0.01,0.05,0.8,0.05
218,[],173.92000000000002,-4069.2126721304317,26993.192608093937,0.0,0.0,0.5,0.1,0.2,2.7616452309498287,0.0,17.098533117845715,869.6,[],[],0.0,0.0,735.6635203612846,0.0,0.4636,0.0,0.0,-6.453114015435034,0.5,0.5,0.01,0.05,0.8,0.2
219,[],86.88,-62558.45155571583,80986.68765357528,0.0,0.0,0.5,0.1,0.6,3.304695207305886,0.0,17.36100787670307,434.4,[],[],0.0,0.0,597.0845502078266,0.0,0.5264,0.0,0.0,-11.109129369895735,0.5,0.5,0.01,0.05,0.8,0.2
220,[],385.12,4650.278643166794,7437.430356656545,0.0,0.0,0.5,0.5,0.2,5.607076127637225,0.0,16.23894203126897,1925.6,[],[],0.0,0.0,743.118153756774,0.0,0.37560000000000004,0.0,0.0,-7.272063529607301,0.5,0.5,0.01,0.05,0.8,0.05
221,[],287.88,14937.223381713953,62922.40313533142,0.0,0.0,0.5,0.5,0.6,3.5729405223454798,0.0,20.81484941364898,1439.4,[],[],0.0,0.0,838.964690516045,0.0,0.3476,0.0,0.0,-6.848415712303721,0.5,0.5,0.01,0.05,0.8,0.05
222,[],313.75999999999993,-144.5727732547546,2742.803520136227,0.0,0.0,0.5,0.5,0.2,6.914591830718686,0.0,17.664708775021552,1568.8,[],[],0.0,0.0,568.5511341170328,0.0,0.5592,0.0,0.0,-4.972888675079317,0.5,0.5,0.01,0.05,0.8,0.2
223,[],186.68,-12887.87773540078,14609.486000038733,0.0,0.0,0.5,0.5,0.6,6.695908543901761,0.0,18.909086893356648,933.4,[],[],0.0,0.0,660.7142650395978,0.0,0.4892,0.0,0.0,-7.439430477550104,0.5,0.5,0.01,0.05,0.8,0.2
224,[],167.04000000000002,-4419.810898380648,28953.070810004057,0.0,0.0,0.5,0.1,0.2,1.5182540764457393,0.0,16.470663281001645,835.2,[],[],0.0,0.0,604.7201210675709,0.0,0.5144,0.0,0.0,-5.909432380555311,0.5,0.5,0.05,0.01,0.2,0.05
225,[],104.91999999999999,-40668.32542279763,63816.53043848536,0.0,0.0,0.5,0.1,0.6,3.530368602827738,0.0,16.7013858987838,524.6,[],[],0.0,0.0,637.4232241766127,0.0,0.57,0.0,0.0,-5.189812857902475,0.5,0.5,0.05,0.01,0.2,0.05
226,[],167.2,-5156.022144637773,11240.629678648129,0.0,0.0,0.5,0.1,0.2,2.8393346272555724,0.0,16.747429468982382,836.0,[],[],0.0,0.0,612.8246480304416,0.0,0.524,0.0,0.0,-5.5959768233794716,0.5,0.5,0.05,0.01,0.2,0.2
227,[],81.52000000000001,15176.125374265044,62600.32332168444,0.0,0.0,0.5,0.1,0.6,4.387089485733377,0.0,17.631098755310507,407.6,[],[],0.0,0.0,553.7279128260764,0.0,0.642,0.0,0.0,-6.241008021472508,0.5,0.5,0.05,0.01,0.2,0.2
228,[],279.12,-3736.2785528624336,8078.511195921094,0.0,0.0,0.5,0.5,0.2,4.855805000016024,0.0,18.26050718290385,1395.6,[],[],0.0,0.0,592.564797980046,0.0,0.5452,0.0,0.0,-5.902793759422415,0.5,0.5,0.05,0.01,0.2,0.05
229,[],291.48,-1978.8416996666645,2981.484522442202,0.0,0.0,0.5,0.5,0.6,5.27459738936482,0.0,18.28249340168377,1457.4,[],[],0.0,0.0,665.4685932519355,0.0,0.48839999999999995,0.0,0.0,-4.906978904229897,0.5,0.5,0.05,0.01,0.2,0.05
230,[],200.4,-2158.894599606097,4597.178270591714,0.0,0.0,0.5,0.5,0.2,6.127262448123314,0.0,16.94951691397045,1002.0,[],[],0.0,0.0,530.4466439479717,0.0,0.6516,0.0,0.0,-4.301053058606122,0.5,0.5,0.05,0.01,0.2,0.2
231,[],195.0,-2079.8901651718684,345.99931408174854,0.0,0.0,0.5,0.5,0.6,6.226278923254064,0.0,16.98680254001321,975.0,[],[],0.0,0.0,584.3946043585454,0.0,0.5928000000000001,0.0,0.0,-6.303450817490885,0.5,0.5,0.05,0.01,0.2,0.2
232,[],202.12,-33469.90140382057,17186.88311082751,0.0,0.0,0.5,0.1,0.2,1.924776732892155,0.0,18.705911469156575,1010.6,[],[],0.0,0.0,610.5400017221591,0.0,0.544,0.0,0.0,-7.017653572839976,0.5,0.5,0.05,0.01,0.8,0.05
233,[],93.67999999999999,24887.463616197387,32813.08455424504,0.0,0.0,0.5,0.1,0.6,4.5428955663366555,0.0,17.270773350174103,468.4,[],[],0.0,0.0,545.00946355286,0.0,0.728,0.0,0.0,-8.757343918649278,0.5,0.5,0.05,0.01,0.8,0.05
234,[],101.4,-9626.513278075048,13831.289041983528,0.0,0.0,0.5,0.1,0.2,3.9720956298967467,0.0,16.558944961980675,507.0,[],[],0.0,0.0,440.9652551930832,0.0,0.7016,0.0,0.0,-8.12477043659516,0.5,0.5,0.05,0.01,0.8,0.2
235,[],247.75999999999993,-8034.167862578947,7060.340126628619,0.0,0.0,0.5,0.1,0.6,1.906921467779289,0.0,15.131772736412412,1238.8,[],[],0.0,0.0,586.8041315107787,0.0,0.5603999999999999,0.0,0.0,-6.930132735117762,0.5,0.5,0.05,0.01,0.8,0.2
236,[],239.84,-8951.75218169307,6367.240335503009,0.0,0.0,0.5,0.5,0.2,4.848894308036897,0.0,17.196765504830815,1199.2,[],[],0.0,0.0,577.848800750155,0.0,0.5763999999999999,0.0,0.0,-6.003977204653395,0.5,0.5,0.05,0.01,0.8,0.05
237,[],205.35999999999999,4456.609019016656,7282.20189670197,0.0,0.0,0.5,0.5,0.6,5.752086450337613,0.0,17.831590774917228,1026.8,[],[],0.0,0.0,564.968657571899,0.0,0.5247999999999999,0.0,0.0,-6.347773602383154,0.5,0.5,0.05,0.01,0.8,0.05
238,[],144.6,1147.5932122613347,11322.17348399479,0.0,0.0,0.5,0.5,0.2,5.432188008038526,0.0,15.365661819973402,723.0,[],[],0.0,0.0,564.9956912577333,0.0,0.6756,0.0,0.0,-8.311435221678757,0.5,0.5,0.05,0.01,0.8,0.2
239,[],195.12,3915.893709011075,5097.015415742011,0.0,0.0,0.5,0.5,0.6,5.68779453969118,0.0,18.233408689262102,975.6,[],[],0.0,0.0,533.4437116570655,0.0,0.5788,0.0,0.0,-4.909318126798145,0.5,0.5,0.05,0.01,0.8,0.2
240,[],101.96,13178.041191100197,53714.286023844674,0.0,0.0,0.5,0.1,0.2,4.106902465527895,0.0,17.634061644279452,509.8,[],[],0.0,0.0,554.0758187627539,0.0,0.6372,0.0,0.0,-7.893706729491077,0.5,0.5,0.05,0.05,0.2,0.05
241,[],186.68,-3788.699831196029,-4025.696431259553,0.0,0.0,0.5,0.1,0.6,5.286070472671778,0.0,18.98787133583491,933.4,[],[],0.0,0.0,500.2150649743189,0.0,0.7232,0.0,0.0,-4.1619952447256034,0.5,0.5,0.05,0.05,0.2,0.05
242,[],199.07999999999998,9451.99859651491,-2842.233332877476,0.0,0.0,0.5,0.1,0.2,2.527207221229336,0.0,16.579539781516587,995.4,[],[],0.0,0.0,575.9459478778593,0.0,0.546,0.0,0.0,-5.092442043386795,0.5,0.5,0.05,0.05,0.2,0.2
243,[],111.0,4385.58857336582,15994.344421445829,0.0,0.0,0.5,0.1,0.6,4.531102135712339,0.0,16.137765286566392,555.0,[],[],0.0,0.0,462.2265662772867,0.0,0.7011999999999999,0.0,0.0,-5.715082885979339,0.5,0.5,0.05,0.05,0.2,0.2
244,[],212.0,4636.290147911479,5555.138229720413,0.0,0.0,0.5,0.5,0.2,4.674802052517614,0.0,16.626992033133757,1060.0,[],[],0.0,0.0,562.7344328603226,0.0,0.5528,0.0,0.0,-5.139271166520945,0.5,0.5,0.05,0.05,0.2,0.05
245,[],210.92,16465.335813792983,27381.3454489865,0.0,0.0,0.5,0.5,0.6,6.066174638523169,0.0,20.243504595681625,1054.6,[],[],0.0,0.0,748.1158241546378,0.0,0.42479999999999996,0.0,0.0,-7.929555582240512,0.5,0.5,0.05,0.05,0.2,0.05
246,[],118.96,-272.42193002462056,16955.46123966373,0.0,0.0,0.5,0.5,0.2,6.86886696875892,0.0,17.149300456421475,594.8,[],[],0.0,0.0,524.6112230801318,0.0,0.6923999999999999,0.0,0.0,-7.004573486896474,0.5,0.5,0.05,0.05,0.2,0.2
247,[],274.96,4979.236832077489,12442.486091477049,0.0,0.0,0.5,0.5,0.6,5.0070906234431884,0.0,17.74628667198775,1374.8,[],[],0.0,0.0,687.7335439386321,0.0,0.3716,0.0,0.0,-4.697814743908015,0.5,0.5,0.05,0.05,0.2,0.2
248,[],109.96,-1058.448745837661,2570.823848426095,0.0,0.0,0.5,0.1,0.2,4.810968706988777,0.0,17.094052967668752,549.8,[],[],0.0,0.0,476.83183731659153,0.0,0.7203999999999999,0.0,0.0,-5.8530638031587285,0.5,0.5,0.05,0.05,0.8,0.05
249,[],229.16000000000003,58991.31368046688,41359.107974707775,0.0,0.0,0.5,0.1,0.6,1.7670015119741642,0.0,15.535550197995164,1145.8,[],[],0.0,0.0,705.9406931777779,0.0,0.40599999999999997,0.0,0.0,-6.071727122820774,0.5,0.5,0.05,0.05,0.8,0.05
250,[],82.67999999999999,7199.350969268952,16657.672103166307,0.0,0.0,0.5,0.1,0.2,4.9560747126402545,0.0,18.496592909293025,413.4,[],[],0.0,0.0,443.49015820230136,0.0,0.7207999999999999,0.0,0.0,-7.477311349199478,0.5,0.5,0.05,0.05,0.8,0.2
251,[],113.84,5059.785065111898,20772.817384555045,0.0,0.0,0.5,0.1,0.6,4.307102511616307,0.0,18.11732226911835,569.2,[],[],0.0,0.0,539.6557704951426,0.0,0.5972000000000001,0.0,0.0,-6.959520254883887,0.5,0.5,0.05,0.05,0.8,0.2
252,[],174.0,2042.8135708954924,25729.528225478793,0.0,0.0,0.5,0.5,0.2,5.101948641691358,0.0,17.379550502463314,870.0,[],[],0.0,0.0,626.4572271336899,0.0,0.5372000000000001,0.0,0.0,-7.858616859353759,0.5,0.5,0.05,0.05,0.8,0.05
253,[],205.68,763.0966717931708,10411.725769690096,0.0,0.0,0.5,0.5,0.6,5.60455235520575,0.0,16.755230454376555,1028.4,[],[],0.0,0.0,610.0358167536403,0.0,0.4932,0.0,0.0,-5.56510058449989,0.5,0.5,0.05,0.05,0.8,0.05
254,[],212.44,-16940.673244014386,34386.69280147805,0.0,0.0,0.5,0.5,0.2,4.771311854335288,0.0,17.94672445900602,1062.2,[],[],0.0,0.0,692.7802365263394,0.0,0.4404,0.0,0.0,-8.836686533393587,0.5,0.5,0.05,0.05,0.8,0.2
255,[],149.48,-4523.1582548704955,5099.732030504029,0.0,0.0,0.5,0.5,0.6,5.095208004815968,0.0,17.488516386309957,747.4,[],[],0.0,0.0,504.0869581195808,0.0,0.7167999999999999,0.0,0.0,-4.813795007033629,0.5,0.5,0.05,0.05,0.8,0.2
256,[],134.04000000000002,2098.299805321115,11177.178123121654,0.0,0.0,1.0,0.1,0.2,4.043023493854575,0.0,16.523525677042425,670.2,[],[],0.0,0.0,507.4908004557407,0.0,0.6068,0.0,0.0,-8.167929720190116,1.0,0.1,0.01,0.01,0.2,0.05
257,[],124.52000000000001,-6560.635291710892,5110.486336209491,0.0,0.0,1.0,0.1,0.6,4.073614721064681,0.0,17.51820734327431,622.6,[],[],0.0,0.0,491.14514097902537,0.0,0.6728,0.0,0.0,-5.327380130863177,1.0,0.1,0.01,0.01,0.2,0.05
258,[],159.68,9651.416703843408,11149.943036874634,0.0,0.0,1.0,0.1,0.2,5.591846336448034,0.0,18.712592779718754,798.4,[],[],0.0,0.0,577.4172889281742,0.0,0.6696,0.0,0.0,-7.028152579192545,1.0,0.1,0.01,0.01,0.2,0.2
259,[],108.64000000000001,23544.37680296772,32990.29559488194,0.0,0.0,1.0,0.1,0.6,4.43647960130127,0.0,18.39395353440016,543.2,[],[],0.0,0.0,562.7597347405438,0.0,0.6468,0.0,0.0,-7.719950442367887,1.0,0.1,0.01,0.01,0.2,0.2
260,[],207.28000000000003,8966.14538458554,16507.81431870435,0.0,0.0,1.0,0.5,0.2,9.732121492077699,0.0,18.150087336011588,1036.4,[],[],0.0,0.0,595.0242433756806,0.0,0.6484,0.0,0.0,-6.96811822071206,1.0,0.1,0.01,0.01,0.2,0.05
261,[],144.11999999999998,10147.651944202056,32780.52817709332,0.0,0.0,1.0,0.5,0.6,8.771836208441542,0.0,17.43380804259295,720.6,[],[],0.0,0.0,572.2196545137604,0.0,0.5624,0.0,0.0,-7.023163493347276,1.0,0.1,0.01,0.01,0.2,0.05
262,[],233.51999999999998,12852.836053760462,17451.834290175077,0.0,0.0,1.0,0.5,0.2,6.841335243308841,0.0,17.146593107472622,1167.6,[],[],0.0,0.0,694.4110041951184,0.0,0.47519999999999996,0.0,0.0,-5.153625921331333,1.0,0.1,0.01,0.01,0.2,0.2
263,[],165.84,-10541.364640366533,22569.234647903933,0.0,0.0,1.0,0.5,0.6,7.731848047994791,0.0,16.938384823374097,829.2,[],[],0.0,0.0,629.872705447266,0.0,0.5208,0.0,0.0,-5.031925114327345,1.0,0.1,0.01,0.01,0.2,0.2
264,[],83.44000000000001,2066.686931638634,-116.82218210567498,0.0,0.0,1.0,0.1,0.2,3.62722768789369,0.0,17.99035314537246,417.2,[],[],0.0,0.0,414.26885348246253,0.0,0.8219999999999998,0.0,0.0,-5.4018044237687235,1.0,0.1,0.01,0.01,0.8,0.05
265,[],209.6,8496.638022317082,1325.046124805014,0.0,0.0,1.0,0.1,0.6,1.191899546338347,0.0,17.346290516133646,1048.0,[],[],0.0,0.0,551.2905537837327,0.0,0.7116,0.0,0.0,-9.372797840128355,1.0,0.1,0.01,0.01,0.8,0.05
266,[],180.12000000000003,-2271.989488105788,14219.073033644856,0.0,0.0,1.0,0.1,0.2,3.1549639060635997,0.0,18.593856234476537,900.6,[],[],0.0,0.0,619.0134407876234,0.0,0.5431999999999999,0.0,0.0,-7.730406923344001,1.0,0.1,0.01,0.01,0.8,0.2
267,[],96.03999999999999,460.07225832374223,13807.947874161919,0.0,0.0,1.0,0.1,0.6,4.266699348363396,0.0,18.444441371834614,480.2,[],[],0.0,0.0,459.2521194394291,0.0,0.7144,0.0,0.0,-6.162025959184751,1.0,0.1,0.01,0.01,0.8,0.2
268,[],158.12,4806.147542072698,5170.70063815999,0.0,0.0,1.0,0.5,0.2,6.055714747193269,0.0,16.88343798359615,790.6,[],[],0.0,0.0,499.9886231298818,0.0,0.6636,0.0,0.0,-7.233161776467715,1.0,0.1,0.01,0.01,0.8,0.05
269,[],289.52,8721.692910762446,16484.257388685706,0.0,0.0,1.0,0.5,0.6,3.997377842360593,0.0,19.27424175370576,1447.6,[],[],0.0,0.0,631.1100422511411,0.0,0.5700000000000001,0.0,0.0,-9.895937848764913,1.0,0.1,0.01,0.01,0.8,0.05
270,[],210.32,4731.058449864388,9105.029508252144,0.0,0.0,1.0,0.5,0.2,6.139446743895024,0.0,17.0517555075595,1051.6,[],[],0.0,0.0,542.4092734506233,0.0,0.5871999999999999,0.0,0.0,-8.256966069293398,1.0,0.1,0.01,0.01,0.8,0.2
271,[],210.64000000000001,14709.743012662517,14967.187124736602,0.0,0.0,1.0,0.5,0.6,4.457271874070156,0.0,19.422177483209627,1053.2,[],[],0.0,0.0,660.7386603889538,0.0,0.6108,0.0,0.0,-6.754081120039831,1.0,0.1,0.01,0.01,0.8,0.2
272,[],140.88000000000002,-5147.731157432539,2463.610018487964,0.0,0.0,1.0,0.1,0.2,4.604918673872759,0.0,17.361482239410815,704.4,[],[],0.0,0.0,608.988304899099,0.0,0.5904,0.0,0.0,-6.7509145568144815,1.0,0.1,0.01,0.05,0.2,0.05
273,[],129.36,3310.8144997581962,43391.29794500908,0.0,0.0,1.0,0.1,0.6,5.021316159270561,0.0,19.43860409808356,646.8,[],[],0.0,0.0,629.6229991080231,0.0,0.6336,0.0,0.0,-6.95836826854462,1.0,0.1,0.01,0.05,0.2,0.05
274,[],205.48000000000002,27256.62958716471,41626.70125391112,0.0,0.0,1.0,0.1,0.2,4.422965588281673,0.0,17.34868962334979,1027.4,[],[],0.0,0.0,639.937073849147,0.0,0.4720000000000001,0.0,0.0,-8.869586802426989,1.0,0.1,0.01,0.05,0.2,0.2
275,[],115.63999999999999,-37066.887508576554,47873.017762423355,0.0,0.0,1.0,0.1,0.6,5.95879328356761,0.0,16.672490467147334,578.2,[],[],0.0,0.0,479.2126047423766,0.0,0.6944,0.0,0.0,-6.072528107413796,1.0,0.1,0.01,0.05,0.2,0.2
276,[],271.0,-440.0500904965655,11667.88855505807,0.0,0.0,1.0,0.5,0.2,7.83754584254565,0.0,16.20415923530527,1355.0,[],[],0.0,0.0,617.2427219385763,0.0,0.4548,0.0,0.0,-5.398265766784353,1.0,0.1,0.01,0.05,0.2,0.05
277,[],227.83999999999997,-11683.774897454876,22611.592487634734,0.0,0.0,1.0,0.5,0.6,7.644889403517942,0.0,16.23655144479377,1139.2,[],[],0.0,0.0,620.6308242924449,0.0,0.47800000000000004,0.0,0.0,-8.447600351234506,1.0,0.1,0.01,0.05,0.2,0.05
278,[],255.63999999999996,-94.64741945440645,3912.4091759078524,0.0,0.0,1.0,0.5,0.2,7.214187235166561,0.0,18.738869322087957,1278.2,[],[],0.0,0.0,612.193100708864,0.0,0.5912,0.0,0.0,-6.22736354131807,1.0,0.1,0.01,0.05,0.2,0.2
279,[],287.47999999999996,-4189.555424225408,10846.645200736852,0.0,0.0,1.0,0.5,0.6,7.280625077383169,0.0,18.562528954336447,1437.4,[],[],0.0,0.0,801.3504826063938,0.0,0.45520000000000005,0.0,0.0,-6.727553931841001,1.0,0.1,0.01,0.05,0.2,0.2
280,[],77.52000000000001,4412.774313572628,26798.195115629525,0.0,0.0,1.0,0.1,0.2,3.629481278720559,0.0,17.495253854762215,387.6,[],[],0.0,0.0,483.5051065390309,0.0,0.7824000000000001,0.0,0.0,-8.185822137360285,1.0,0.1,0.01,0.05,0.8,0.05
281,[],119.72,-10848.325961783758,28815.48951509101,0.0,0.0,1.0,0.1,0.6,3.5470121695930636,0.0,17.938851752687516,598.6,[],[],0.0,0.0,527.6958239842689,0.0,0.7108000000000001,0.0,0.0,-8.694382768729376,1.0,0.1,0.01,0.05,0.8,0.05
282,[],168.68,-3580.5527495352485,5327.550415377915,0.0,0.0,1.0,0.1,0.2,3.4337041209008397,0.0,18.0914708725382,843.4,[],[],0.0,0.0,608.3109325218223,0.0,0.6215999999999999,0.0,0.0,-7.474960954946077,1.0,0.1,0.01,0.05,0.8,0.2
283,[],73.16,9924.258742520267,6471.394314228871,0.0,0.0,1.0,0.1,0.6,5.124769746573628,0.0,17.364551279406108,365.8,[],[],0.0,0.0,456.87590244681104,0.0,0.7776,0.0,0.0,-7.269694732992676,1.0,0.1,0.01,0.05,0.8,0.2
284,[],116.84,-7477.89045078842,25134.68533577034,0.0,0.0,1.0,0.5,0.2,7.488117348289768,0.0,17.52395236133517,584.2,[],[],0.0,0.0,519.2997839481933,0.0,0.7028000000000001,0.0,0.0,-10.473178586329567,1.0,0.1,0.01,0.05,0.8,0.05
285,[],172.07999999999998,14553.424568106446,22959.961045031137,0.0,0.0,1.0,0.5,0.6,4.194587814238221,0.0,17.059504041363933,860.4,[],[],0.0,0.0,566.1515757755651,0.0,0.5704,0.0,0.0,-10.835532962492454,1.0,0.1,0.01,0.05,0.8,0.05
286,[],333.84000000000003,-5082.165133172226,7827.1925902585035,0.0,0.0,1.0,0.5,0.2,5.348482163903542,0.0,16.551030030789615,1669.2,[],[],0.0,0.0,627.6800266799494,0.0,0.4784,0.0,0.0,-6.211340370569605,1.0,0.1,0.01,0.05,0.8,0.2
287,[],218.35999999999999,6536.115524200323,10594.467967662216,0.0,0.0,1.0,0.5,0.6,5.953241133514689,0.0,18.255684109227055,1091.8,[],[],0.0,0.0,615.1875330097771,0.0,0.5548,0.0,0.0,-5.3129830693713185,1.0,0.1,0.01,0.05,0.8,0.2
288,[],65.96000000000001,-668.9687401655959,3076.760082413067,0.0,0.0,1.0,0.1,0.2,4.944593893733561,0.0,19.98083861798399,329.8,[],[],0.0,0.0,492.204371829435,0.0,0.776,0.0,0.0,-6.545531209088485,1.0,0.1,0.05,0.01,0.2,0.05
289,[],158.11999999999998,-3480.1968379089035,5331.343741613231,0.0,0.0,1.0,0.1,0.6,2.965150527138654,0.0,19.263766240621088,790.6,[],[],0.0,0.0,579.5098692315644,0.0,0.6576000000000001,0.0,0.0,-4.458721206631156,1.0,0.1,0.05,0.01,0.2,0.05
290,[],93.88000000000001,-4418.23232895355,28051.613637580933,0.0,0.0,1.0,0.1,0.2,2.2010436003296325,0.0,17.158444746378457,469.4,[],[],0.0,0.0,574.9446298235359,0.0,0.5504,0.0,0.0,-6.859085589722452,1.0,0.1,0.05,0.01,0.2,0.2
291,[],101.56,-12499.817487046854,50542.08502630274,0.0,0.0,1.0,0.1,0.6,2.0797294995307807,0.0,19.912824839444674,507.8,[],[],0.0,0.0,596.7848116147118,0.0,0.6276,0.0,0.0,-7.863852322819048,1.0,0.1,0.05,0.01,0.2,0.2
292,[],170.36,-13547.509779581489,12525.219725207704,0.0,0.0,1.0,0.5,0.2,5.811423159022158,0.0,16.46877368363422,851.8,[],[],0.0,0.0,566.4332168674497,0.0,0.5488,0.0,0.0,-6.52137472809275,1.0,0.1,0.05,0.01,0.2,0.05
293,[],353.67999999999995,8836.141172260704,6470.333563478669,0.0,0.0,1.0,0.5,0.6,4.570031616130889,0.0,17.61963152737289,1768.4,[],[],0.0,0.0,689.5250813052711,0.0,0.41600000000000004,0.0,0.0,-7.178480632876616,1.0,0.1,0.05,0.01,0.2,0.05
294,[],113.43999999999998,-5432.440359195798,15951.79145900585,0.0,0.0,1.0,0.5,0.2,7.173963142026404,0.0,17.444361635750404,567.2,[],[],0.0,0.0,486.8829429144704,0.0,0.6528,0.0,0.0,-9.711787478397834,1.0,0.1,0.05,0.01,0.2,0.2
295,[],238.68,-4420.706063484757,5716.58509357726,0.0,0.0,1.0,0.5,0.6,5.593510399240733,0.0,18.18368656894709,1193.4,[],[],0.0,0.0,625.8549538807532,0.0,0.6032000000000001,0.0,0.0,-7.32655600213683,1.0,0.1,0.05,0.01,0.2,0.2
296,[],68.03999999999999,-14170.66363454203,14335.384384699928,0.0,0.0,1.0,0.1,0.2,3.412953922531463,0.0,18.006566247555224,340.2,[],[],0.0,0.0,468.3464322557846,0.0,0.7604000000000001,0.0,0.0,-7.617930961365138,1.0,0.1,0.05,0.01,0.8,0.05
297,[],90.16,3558.688246377141,13104.897234414788,0.0,0.0,1.0,0.1,0.6,2.3581192298647546,0.0,18.99779028191512,450.8,[],[],0.0,0.0,520.8907529223549,0.0,0.7419999999999999,0.0,0.0,-7.682705500227968,1.0,0.1,0.05,0.01,0.8,0.05
298,[],159.64000000000001,-1459.120682131998,4154.239335978494,0.0,0.0,1.0,0.1,0.2,3.4440140886707398,0.0,17.621801870865312,798.2,[],[],0.0,0.0,528.4567398580691,0.0,0.6064,0.0,0.0,-8.307346145833739,1.0,0.1,0.05,0.01,0.8,0.2
299,[],60.32000000000001,-9490.281825998261,22955.444737672642,0.0,0.0,1.0,0.1,0.6,4.106637031178236,0.0,19.631399716034153,301.6,[],[],0.0,0.0,409.3218033702551,0.0,0.7756000000000001,0.0,0.0,-13.734237764254939,1.0,0.1,0.05,0.01,0.8,0.2
300,[],238.16,165.6293097618396,5644.249120914653,0.0,0.0,1.0,0.5,0.2,5.741390809377519,0.0,17.52649699123989,1190.8,[],[],0.0,0.0,589.20410212666,0.0,0.5864,0.0,0.0,-7.388439838043847,1.0,0.1,0.05,0.01,0.8,0.05
301,[],195.76,-2004.184418491707,3737.809933252137,0.0,0.0,1.0,0.5,0.6,3.9501017821703384,0.0,15.854343778941177,978.8,[],[],0.0,0.0,518.1459122968979,0.0,0.6679999999999999,0.0,0.0,-8.477523505171977,1.0,0.1,0.05,0.01,0.8,0.05
302,[],229.92000000000002,-1149.967810196057,4152.597825644619,0.0,0.0,1.0,0.5,0.2,5.360623381438495,0.0,17.397413523245845,1149.6,[],[],0.0,0.0,577.3308535109147,0.0,0.544,0.0,0.0,-8.318926791331018,1.0,0.1,0.05,0.01,0.8,0.2
303,[],215.16,-1129.11197880072,3113.579415268633,0.0,0.0,1.0,0.5,0.6,4.9904476992475235,0.0,18.6961269083842,1075.8,[],[],0.0,0.0,564.2709430414177,0.0,0.5908,0.0,0.0,-9.025596298809047,1.0,0.1,0.05,0.01,0.8,0.2
304,[],139.92,14622.684409405445,51463.379400513586,0.0,0.0,1.0,0.1,0.2,3.3720949674236165,0.0,18.936515166395537,699.6,[],[],0.0,0.0,625.0814347541329,0.0,0.5744,0.0,0.0,-9.008529099117531,1.0,0.1,0.05,0.05,0.2,0.05
305,[],76.52000000000001,25336.413824857384,47255.27888686665,0.0,0.0,1.0,0.1,0.6,4.483905734621963,0.0,16.039204498566033,382.6,[],[],0.0,0.0,451.84821972205555,0.0,0.6924,0.0,0.0,-9.727030282619996,1.0,0.1,0.05,0.05,0.2,0.05
306,[],122.52000000000001,-10380.323589524376,28303.92562266085,0.0,0.0,1.0,0.1,0.2,4.777474021135253,0.0,19.022546981270235,612.6,[],[],0.0,0.0,603.1303392218155,0.0,0.6824,0.0,0.0,-6.232046263225407,1.0,0.1,0.05,0.05,0.2,0.2
307,[],108.52000000000001,45406.48668599645,6354.157227283312,0.0,0.0,1.0,0.1,0.6,3.704307533631416,0.0,16.41128997739808,542.6,[],[],0.0,0.0,542.8737002541387,0.0,0.5683999999999999,0.0,0.0,-6.449320447815775,1.0,0.1,0.05,0.05,0.2,0.2
308,[],186.16000000000003,-1246.7009348366234,11077.786953410168,0.0,0.0,1.0,0.5,0.2,6.435973704359793,0.0,17.81491308440809,930.8,[],[],0.0,0.0,612.1257205459588,0.0,0.5035999999999999,0.0,0.0,-7.075092786543797,1.0,0.1,0.05,0.05,0.2,0.05
309,[],121.75999999999999,298.05511034920056,4285.103276331832,0.0,0.0,1.0,0.5,0.6,6.209327886982162,0.0,18.12631065444099,608.8,[],[],0.0,0.0,547.4757340115522,0.0,0.6936000000000001,0.0,0.0,-5.480956949639152,1.0,0.1,0.05,0.05,0.2,0.05
310,[],235.04000000000002,-1031.771243015625,6011.685423925089,0.0,0.0,1.0,0.5,0.2,4.8287406914834055,0.0,18.000092865140182,1175.2,[],[],0.0,0.0,721.0194979268338,0.0,0.42160000000000003,0.0,0.0,-5.794516812853088,1.0,0.1,0.05,0.05,0.2,0.2
311,[],278.6,36.50846612060013,19260.362984978394,0.0,0.0,1.0,0.5,0.6,4.193071743686543,0.0,18.463229513776184,1393.0,[],[],0.0,0.0,793.2108492229811,0.0,0.3852,0.0,0.0,-6.400586584730762,1.0,0.1,0.05,0.05,0.2,0.2
312,[],112.35999999999999,-24307.58555570929,32490.401440057565,0.0,0.0,1.0,0.1,0.2,1.6664138113015248,0.0,18.720057386373263,561.8,[],[],0.0,0.0,572.1385733269697,0.0,0.6776000000000001,0.0,0.0,-13.277134457970584,1.0,0.1,0.05,0.05,0.8,0.05
313,[],149.16,7692.668194719803,18793.281872066633,0.0,0.0,1.0,0.1,0.6,1.2594700443720968,0.0,14.898911207814773,745.8,[],[],0.0,0.0,534.8682155990009,0.0,0.5904,0.0,0.0,-11.660371171005597,1.0,0.1,0.05,0.05,0.8,0.05
314,[],104.32000000000001,19464.73670361391,39081.75570784695,0.0,0.0,1.0,0.1,0.2,5.041179019172326,0.0,18.774399474745422,521.6,[],[],0.0,0.0,578.8728777058934,0.0,0.6996,0.0,0.0,-10.56658513063583,1.0,0.1,0.05,0.05,0.8,0.2
315,[],73.00000000000001,3381.911350309062,14542.759988346234,0.0,0.0,1.0,0.1,0.6,3.359241067144434,0.0,18.12722073549661,365.0,[],[],0.0,0.0,581.9825364721726,0.0,0.6732,0.0,0.0,-5.736930232046359,1.0,0.1,0.05,0.05,0.8,0.2
316,[],177.07999999999998,-22322.722324791866,56921.74697822728,0.0,0.0,1.0,0.5,0.2,6.110972804858799,0.0,19.349721235120928,885.4,[],[],0.0,0.0,733.5276970666084,0.0,0.5536000000000001,0.0,0.0,-9.845477928469187,1.0,0.1,0.05,0.05,0.8,0.05
317,[],267.15999999999997,5619.268510367122,12372.26434142074,0.0,0.0,1.0,0.5,0.6,3.989722544269553,0.0,16.87500997656906,1335.8,[],[],0.0,0.0,757.5790265374784,0.0,0.4795999999999999,0.0,0.0,-8.16813074999878,1.0,0.1,0.05,0.05,0.8,0.05
318,[],201.0,6602.371936220921,3070.216296952805,0.0,0.0,1.0,0.5,0.2,6.209868759763519,0.0,18.20196099189324,1005.0,[],[],0.0,0.0,534.5755947133039,0.0,0.6115999999999999,0.0,0.0,-8.185533309481373,1.0,0.1,0.05,0.05,0.8,0.2
319,[],333.2,662.679055636416,407.18035750934337,0.0,0.0,1.0,0.5,0.6,3.464179813793134,0.0,17.405280223246614,1666.0,[],[],0.0,0.0,586.4326209978083,0.0,0.5296,0.0,0.0,-5.1645568375212605,1.0,0.1,0.05,0.05,0.8,0.2
320,[],144.68,3067.3803606078122,6310.700188485929,0.0,0.0,1.0,0.1,0.2,5.059117242202754,0.0,20.425628715724393,723.4,[],[],0.0,0.0,526.2220098959556,0.0,0.696,0.0,0.0,-6.554012035451945,1.0,0.5,0.01,0.01,0.2,0.05
321,[],96.4,8104.496025204773,2277.0773492653752,0.0,0.0,1.0,0.1,0.6,4.8438398418138915,0.0,16.228817280185105,482.0,[],[],0.0,0.0,421.7048669154832,0.0,0.7432000000000001,0.0,0.0,-4.521878542359439,1.0,0.5,0.01,0.01,0.2,0.05
322,[],82.48,-3157.4514852189177,4524.699203187038,0.0,0.0,1.0,0.1,0.2,8.088041038226816,0.0,16.746174718527282,412.4,[],[],0.0,0.0,364.0823448741142,0.0,0.8088000000000001,0.0,0.0,-4.984003153477509,1.0,0.5,0.01,0.01,0.2,0.2
323,[],235.83999999999997,-8095.287248731171,38106.74505404622,0.0,0.0,1.0,0.1,0.6,2.5485618247105015,0.0,21.32108892306182,1179.2,[],[],0.0,0.0,738.6899426581116,0.0,0.47520000000000007,0.0,0.0,-9.00330797150647,1.0,0.5,0.01,0.01,0.2,0.2
324,[],510.56000000000006,-4172.837227685698,3385.4310955322057,0.0,0.0,1.0,0.5,0.2,5.738787528185005,0.0,17.948756491358896,2552.8,[],[],0.0,0.0,828.0755996997332,0.0,0.27159999999999995,0.0,0.0,-5.521205505251215,1.0,0.5,0.01,0.01,0.2,0.05
325,[],148.4,12015.679113902508,12748.87535176949,0.0,0.0,1.0,0.5,0.6,7.934094043822702,0.0,16.658551782825356,742.0,[],[],0.0,0.0,511.46225029992695,0.0,0.5551999999999999,0.0,0.0,-6.216555311694983,1.0,0.5,0.01,0.01,0.2,0.05
326,[],184.72,5125.62566373302,7975.273943698958,0.0,0.0,1.0,0.5,0.2,8.595608140248386,0.0,17.739555833971828,923.6,[],[],0.0,0.0,560.9158929198607,0.0,0.6048,0.0,0.0,-5.473972848273154,1.0,0.5,0.01,0.01,0.2,0.2
327,[],258.35999999999996,914.9168446853685,11143.734354060507,0.0,0.0,1.0,0.5,0.6,5.8146791503540385,0.0,17.708640542401188,1291.8,[],[],0.0,0.0,640.8387157030897,0.0,0.5212,0.0,0.0,-4.2999911245905915,1.0,0.5,0.01,0.01,0.2,0.2
328,[],95.56,-4586.479785789069,35246.13275275398,0.0,0.0,1.0,0.1,0.2,2.9280671703880423,0.0,18.741872483504174,477.8,[],[],0.0,0.0,535.3922809346623,0.0,0.6416000000000001,0.0,0.0,-12.638748456619968,1.0,0.5,0.01,0.01,0.8,0.05
329,[],135.76,-1364.7613861315697,2320.187596462472,0.0,0.0,1.0,0.1,0.6,4.107363912340732,0.0,17.11749072923024,678.8,[],[],0.0,0.0,498.63669396757933,0.0,0.7588,0.0,0.0,-7.273293992153336,1.0,0.5,0.01,0.01,0.8,0.05
330,[],147.20000000000002,3450.8247099490472,717.6479120240786,0.0,0.0,1.0,0.1,0.2,2.952416981022618,0.0,17.209447681717158,736.0,[],[],0.0,0.0,489.42592280888823,0.0,0.7604,0.0,0.0,-4.861729327269286,1.0,0.5,0.01,0.01,0.8,0.2
331,[],132.88,-7742.431726652646,39402.342102843184,0.0,0.0,1.0,0.1,0.6,3.3045484559911684,0.0,17.67721727613273,664.4,[],[],0.0,0.0,682.9245888817748,0.0,0.5532,0.0,0.0,-10.48586003825278,1.0,0.5,0.01,0.01,0.8,0.2
332,[],197.48,2193.4543996620982,6632.7157845351485,0.0,0.0,1.0,0.5,0.2,4.240638147026386,0.0,18.56787343120855,987.4,[],[],0.0,0.0,588.536340217896,0.0,0.562,0.0,0.0,-7.60013342670779,1.0,0.5,0.01,0.01,0.8,0.05
333,[],374.36,13407.993141265742,16516.61671462763,0.0,0.0,1.0,0.5,0.6,3.51990869274387,0.0,18.304680604650976,1871.8,[],[],0.0,0.0,727.2937468318062,0.0,0.46840000000000004,0.0,0.0,-8.276747995270176,1.0,0.5,0.01,0.01,0.8,0.05
334,[],148.4,12114.584754615898,7943.013207894629,0.0,0.0,1.0,0.5,0.2,6.503156750630216,0.0,17.694694875385984,742.0,[],[],0.0,0.0,422.66640636333096,0.0,0.7367999999999999,0.0,0.0,-9.282583579441328,1.0,0.5,0.01,0.01,0.8,0.2
335,[],232.2,254.4530396245391,22752.25682252851,0.0,0.0,1.0,0.5,0.6,4.032501326301633,0.0,18.719333766258547,1161.0,[],[],0.0,0.0,700.9986468132336,0.0,0.46720000000000006,0.0,0.0,-8.982727152622264,1.0,0.5,0.01,0.01,0.8,0.2
336,[],61.56,-11600.616857420846,8572.673898212432,0.0,0.0,1.0,0.1,0.2,7.212739256644428,0.0,18.02240734230849,307.8,[],[],0.0,0.0,441.215199333046,0.0,0.8488000000000001,0.0,0.0,-5.68765522599775,1.0,0.5,0.01,0.05,0.2,0.05
337,[],72.76,-3179.1084882831824,-3253.3234357702986,0.0,0.0,1.0,0.1,0.6,4.624843972585177,0.0,19.629115002616402,363.8,[],[],0.0,0.0,532.998093060178,0.0,0.7464000000000001,0.0,0.0,-5.117159027109178,1.0,0.5,0.01,0.05,0.2,0.05
338,[],162.16,1495.0964385974949,-655.1056779413324,0.0,0.0,1.0,0.1,0.2,6.382442774413699,0.0,17.76382713452539,810.8,[],[],0.0,0.0,622.4633286375149,0.0,0.61,0.0,0.0,-5.4553385705172115,1.0,0.5,0.01,0.05,0.2,0.2
339,[],148.16,10552.159070512802,3716.498468574145,0.0,0.0,1.0,0.1,0.6,4.44964988720074,0.0,17.825345838368825,740.8,[],[],0.0,0.0,548.6885854982917,0.0,0.6348,0.0,0.0,-7.16979593442454,1.0,0.5,0.01,0.05,0.2,0.2
340,[],246.63999999999996,-22.05702109730928,17205.801839433618,0.0,0.0,1.0,0.5,0.2,7.390820822955713,0.0,16.620137216616804,1233.2,[],[],0.0,0.0,660.1684377072215,0.0,0.45999999999999996,0.0,0.0,-6.501214810456415,1.0,0.5,0.01,0.05,0.2,0.05
341,[],109.04,7860.819105854052,12862.164239842252,0.0,0.0,1.0,0.5,0.6,6.501356423783849,0.0,17.167443441547498,545.2,[],[],0.0,0.0,525.342818685361,0.0,0.6972,0.0,0.0,-6.259009388936774,1.0,0.5,0.01,0.05,0.2,0.05
342,[],276.68,387.9770946307275,4487.0180132993855,0.0,0.0,1.0,0.5,0.2,8.340447685725678,0.0,17.241718772971232,1383.4,[],[],0.0,0.0,597.8184005507908,0.0,0.5324,0.0,0.0,-5.710329225817335,1.0,0.5,0.01,0.05,0.2,0.2
343,[],233.95999999999998,6265.782971614781,14067.787446178107,0.0,0.0,1.0,0.5,0.6,7.286970655495229,0.0,17.5502684443551,1169.8,[],[],0.0,0.0,753.5344931952377,0.0,0.3688,0.0,0.0,-4.982063085944022,1.0,0.5,0.01,0.05,0.2,0.2
344,[],72.4,2912.962878401611,4124.528451804876,0.0,0.0,1.0,0.1,0.2,6.133582565861133,0.0,19.695669468300792,362.0,[],[],0.0,0.0,416.39353485698246,0.0,0.8192,0.0,0.0,-8.716380807507898,1.0,0.5,0.01,0.05,0.8,0.05
345,[],99.92,10982.884785137514,24649.31746602516,0.0,0.0,1.0,0.1,0.6,1.5440024258221894,0.0,14.291731689372138,499.6,[],[],0.0,0.0,460.6628463067509,0.0,0.6684,0.0,0.0,-8.75347685405256,1.0,0.5,0.01,0.05,0.8,0.05
346,[],119.11999999999998,9783.56425708524,9575.837782044699,0.0,0.0,1.0,0.1,0.2,4.512670451537452,0.0,17.490891386045895,595.6,[],[],0.0,0.0,495.19340157769113,0.0,0.6416000000000001,0.0,0.0,-7.364984016760351,1.0,0.5,0.01,0.05,0.8,0.2
347,[],169.84,5167.424513446138,23481.265457840527,0.0,0.0,1.0,0.1,0.6,2.508682726702212,0.0,16.777688480475142,849.2,[],[],0.0,0.0,607.8760552766332,0.0,0.4936,0.0,0.0,-9.823538117874373,1.0,0.5,0.01,0.05,0.8,0.2
348,[],148.68,235.36254332358422,5865.483325255633,0.0,0.0,1.0,0.5,0.2,6.960891819956504,0.0,18.01156087495707,743.4,[],[],0.0,0.0,484.5962036910538,0.0,0.6728,0.0,0.0,-8.000049132535022,1.0,0.5,0.01,0.05,0.8,0.05
349,[],253.08,-10881.413205962785,10119.487197419829,0.0,0.0,1.0,0.5,0.6,6.309532461506511,0.0,16.68295105632425,1265.4,[],[],0.0,0.0,646.0578874974126,0.0,0.4464,0.0,0.0,-6.678964556906079,1.0,0.5,0.01,0.05,0.8,0.05
350,[],201.07999999999998,789.8439735751855,10689.902035780544,0.0,0.0,1.0,0.5,0.2,5.541666578189968,0.0,16.047581548474948,1005.4,[],[],0.0,0.0,532.5222942162723,0.0,0.6108,0.0,0.0,-6.927554592318698,1.0,0.5,0.01,0.05,0.8,0.2
351,[],186.88000000000005,-2284.352010265312,17592.51598404447,0.0,0.0,1.0,0.5,0.6,5.892798276552723,0.0,17.01308661321085,934.4,[],[],0.0,0.0,566.0238166849333,0.0,0.5908,0.0,0.0,-6.697505837915782,1.0,0.5,0.01,0.05,0.8,0.2
352,[],88.08,-2742.499842844719,6351.085157869892,0.0,0.0,1.0,0.1,0.2,3.6020761635849396,0.0,17.416019528695294,440.4,[],[],0.0,0.0,536.2405163797272,0.0,0.7556,0.0,0.0,-5.957560288129513,1.0,0.5,0.05,0.01,0.2,0.05
353,[],109.16000000000001,18435.47534853861,11206.364470010716,0.0,0.0,1.0,0.1,0.6,2.357966878144814,0.0,18.332864175240665,545.8,[],[],0.0,0.0,588.7157745256116,0.0,0.5928,0.0,0.0,-5.842466043096943,1.0,0.5,0.05,0.01,0.2,0.05
354,[],71.2,-5478.513988765463,9185.756928381712,0.0,0.0,1.0,0.1,0.2,2.794238510454922,0.0,17.16250568276109,356.0,[],[],0.0,0.0,470.0411388874783,0.0,0.6692,0.0,0.0,-6.46022407828319,1.0,0.5,0.05,0.01,0.2,0.2
355,[],101.99999999999999,5444.4137028988425,14682.342046133464,0.0,0.0,1.0,0.1,0.6,5.2256865329005535,0.0,18.7716797952828,510.0,[],[],0.0,0.0,578.132978123769,0.0,0.7024,0.0,0.0,-6.715390975579157,1.0,0.5,0.05,0.01,0.2,0.2
356,[],366.4,-9924.013597807709,18678.924730640316,0.0,0.0,1.0,0.5,0.2,5.880008928946067,0.0,17.130714740891325,1832.0,[],[],0.0,0.0,760.8258306377866,0.0,0.39360000000000006,0.0,0.0,-5.919135144379408,1.0,0.5,0.05,0.01,0.2,0.05
357,[],115.76000000000002,-21243.126210934624,36260.769827833436,0.0,0.0,1.0,0.5,0.6,5.954611550734239,0.0,18.13917089253862,578.8,[],[],0.0,0.0,601.6309708965053,0.0,0.628,0.0,0.0,-7.653831461798151,1.0,0.5,0.05,0.01,0.2,0.05
358,[],201.96,4345.150504718515,13841.543080519015,0.0,0.0,1.0,0.5,0.2,5.341149301358095,0.0,16.664136826408797,1009.8,[],[],0.0,0.0,518.808608765489,0.0,0.5664,0.0,0.0,-6.7371774998889125,1.0,0.5,0.05,0.01,0.2,0.2
359,[],142.92,419.6348709119091,28354.60863793236,0.0,0.0,1.0,0.5,0.6,5.288351449232625,0.0,17.678426557966567,714.6,[],[],0.0,0.0,613.5373898451217,0.0,0.6048,0.0,0.0,-6.907316709484023,1.0,0.5,0.05,0.01,0.2,0.2
360,[],99.00000000000001,-8064.529801582559,10997.646736459366,0.0,0.0,1.0,0.1,0.2,5.965931835306368,0.0,16.1225954629325,495.0,[],[],0.0,0.0,505.85843703855625,0.0,0.7379999999999999,0.0,0.0,-9.558466552849703,1.0,0.5,0.05,0.01,0.8,0.05
361,[],145.27999999999997,-1251.681913400412,-1793.0018321549383,0.0,0.0,1.0,0.1,0.6,1.7823768771000648,0.0,17.17508133372398,726.4,[],[],0.0,0.0,575.3291833480553,0.0,0.576,0.0,0.0,-5.601603344223912,1.0,0.5,0.05,0.01,0.8,0.05
362,[],191.8,-1531.9813905707294,5642.190454345236,0.0,0.0,1.0,0.1,0.2,4.663439506816983,0.0,17.152178853367094,959.0,[],[],0.0,0.0,462.40211137904015,0.0,0.6816000000000001,0.0,0.0,-7.448692084988909,1.0,0.5,0.05,0.01,0.8,0.2
363,[],100.12,-7533.901304885569,-1598.636150574388,0.0,0.0,1.0,0.1,0.6,1.6002947204622084,0.0,16.31082366642705,500.6,[],[],0.0,0.0,437.55641227753614,0.0,0.6856000000000001,0.0,0.0,-9.036304124852824,1.0,0.5,0.05,0.01,0.8,0.2
364,[],258.6,8458.776073418801,6223.781969196551,0.0,0.0,1.0,0.5,0.2,5.114883872774594,0.0,16.877220148311793,1293.0,[],[],0.0,0.0,654.4761637866621,0.0,0.48,0.0,0.0,-9.852801194288807,1.0,0.5,0.05,0.01,0.8,0.05
365,[],130.72,4267.652035808747,10956.32087637435,0.0,0.0,1.0,0.5,0.6,6.619245138159748,0.0,18.754138957242642,653.6,[],[],0.0,0.0,495.71169530859135,0.0,0.6696,0.0,0.0,-8.137182781690546,1.0,0.5,0.05,0.01,0.8,0.05
366,[],233.24,24099.853218192435,23075.804805458585,0.0,0.0,1.0,0.5,0.2,4.093606767506777,0.0,18.883926450686868,1166.2,[],[],0.0,0.0,734.8581853406325,0.0,0.4084,0.0,0.0,-6.514483606019548,1.0,0.5,0.05,0.01,0.8,0.2
367,[],422.84,14949.271649089616,11916.113670175973,0.0,0.0,1.0,0.5,0.6,2.3755757864497205,0.0,16.80580184203989,2114.2,[],[],0.0,0.0,773.6732597580474,0.0,0.354,0.0,0.0,-7.108434270558836,1.0,0.5,0.05,0.01,0.8,0.2
368,[],175.8,-4439.855396147947,27693.922385404912,0.0,0.0,1.0,0.1,0.2,2.9739590194110606,0.0,18.11841887354619,879.0,[],[],0.0,0.0,554.3863357120864,0.0,0.5952,0.0,0.0,-7.687035818232628,1.0,0.5,0.05,0.05,0.2,0.05
369,[],194.08,-3653.4613368910796,1924.0722040253033,0.0,0.0,1.0,0.1,0.6,3.790841453169988,0.0,15.732906775377955,970.4,[],[],0.0,0.0,623.9980379787551,0.0,0.5208,0.0,0.0,-3.831997257057103,1.0,0.5,0.05,0.05,0.2,0.05
370,[],117.47999999999999,390.45446812615756,10478.07258803163,0.0,0.0,1.0,0.1,0.2,2.8567392825191833,0.0,17.984558838583432,587.4,[],[],0.0,0.0,541.3695228297422,0.0,0.5888,0.0,0.0,-6.343228289019746,1.0,0.5,0.05,0.05,0.2,0.2
371,[],166.88000000000002,22040.84394596822,35484.16490018195,0.0,0.0,1.0,0.1,0.6,2.647349715605391,0.0,17.759092251125473,834.4,[],[],0.0,0.0,686.2398879019782,0.0,0.4628,0.0,0.0,-6.568394454363113,1.0,0.5,0.05,0.05,0.2,0.2
372,[],171.95999999999998,7212.976932418879,6120.99877477837,0.0,0.0,1.0,0.5,0.2,6.6714072007137535,0.0,17.469149540277034,859.8,[],[],0.0,0.0,553.0906624923156,0.0,0.5536000000000001,0.0,0.0,-7.217988878314195,1.0,0.5,0.05,0.05,0.2,0.05
373,[],228.67999999999998,45.42038901911265,8728.66198345944,0.0,0.0,1.0,0.5,0.6,4.971019096725904,0.0,17.618293412158504,1143.4,[],[],0.0,0.0,643.068861600656,0.0,0.466,0.0,0.0,-5.678266734127776,1.0,0.5,0.05,0.05,0.2,0.05
374,[],332.88,5995.163059264672,2531.761685376403,0.0,0.0,1.0,0.5,0.2,4.542189561731793,0.0,16.75594348817312,1664.4,[],[],0.0,0.0,718.3722759911909,0.0,0.3836,0.0,0.0,-5.292728568641208,1.0,0.5,0.05,0.05,0.2,0.2
375,[],183.4,-18122.333545747842,67568.40074073306,0.0,0.0,1.0,0.5,0.6,4.9133706589820045,0.0,17.985096370062745,917.0,[],[],0.0,0.0,692.3152352690561,0.0,0.4524,0.0,0.0,-9.919888217289326,1.0,0.5,0.05,0.05,0.2,0.2
376,[],99.36,-25804.63166333375,36385.34000294009,0.0,0.0,1.0,0.1,0.2,2.905463715665949,0.0,18.59140900292856,496.8,[],[],0.0,0.0,582.6586807262233,0.0,0.6355999999999999,0.0,0.0,-8.90881335885463,1.0,0.5,0.05,0.05,0.8,0.05
377,[],133.56,8815.599929001513,7616.19432166355,0.0,0.0,1.0,0.1,0.6,3.8369302798872353,0.0,19.76590742047599,667.8,[],[],0.0,0.0,531.4257707699063,0.0,0.6584,0.0,0.0,-6.568347575510512,1.0,0.5,0.05,0.05,0.8,0.05
378,[],330.23999999999995,14401.663259595909,52913.41318654713,0.0,0.0,1.0,0.1,0.2,3.00157800096801,0.0,17.576079446685913,1651.2,[],[],0.0,0.0,739.8896179007443,0.0,0.36239999999999994,0.0,0.0,-6.717161560985443,1.0,0.5,0.05,0.05,0.8,0.2
379,[],145.72,-10462.002370268183,15200.728904821095,0.0,0.0,1.0,0.1,0.6,2.8785208051208286,0.0,18.634260862349727,728.6,[],[],0.0,0.0,611.0330948837214,0.0,0.6028,0.0,0.0,-8.739460635172879,1.0,0.5,0.05,0.05,0.8,0.2
380,[],132.56,-1964.9474466179774,12598.681151783581,0.0,0.0,1.0,0.5,0.2,7.382848095813401,0.0,17.531312758639718,662.8,[],[],0.0,0.0,454.5676888121785,0.0,0.7020000000000001,0.0,0.0,-7.397560508666278,1.0,0.5,0.05,0.05,0.8,0.05
381,[],359.6,2342.5396303103703,3244.2069630330666,0.0,0.0,1.0,0.5,0.6,1.9188097687270276,0.0,19.695089344859987,1798.0,[],[],0.0,0.0,895.1545638358153,0.0,0.4396000000000001,0.0,0.0,-5.26890901771379,1.0,0.5,0.05,0.05,0.8,0.05
382,[],208.08,8517.259338744418,16053.009236847312,0.0,0.0,1.0,0.5,0.2,5.342802571455806,0.0,16.3458883283052,1040.4,[],[],0.0,0.0,585.6669214622165,0.0,0.5596,0.0,0.0,-7.189807585200995,1.0,0.5,0.05,0.05,0.8,0.2
383,[],172.52,24089.072455019686,17128.14678092277,0.0,0.0,1.0,0.5,0.6,5.032742120027484,0.0,18.121778748568243,862.6,[],[],0.0,0.0,586.2346367204534,0.0,0.5704,0.0,0.0,-6.703424514116153,1.0,0.5,0.05,0.05,0.8,0.2
